hc,hs,ht,lg,ls,r1,r2,r3,r4,s,wg,ws,xt,Resonant_Freq_GHz,S21_dB
0.035,1.27,0.13,1.125,20,2.5,4.5,6.5,9.0,0,65,65,1.6375,4.9770002365112,-27.910544148593
0.035,1.27,0.13,1.125,20,1.375,3.375,5.375,8.04,0,65,65,1.6375,5.4320001602173,-35.072625620668
0.035,1.27,0.13,1.125,20,1.375,3.375,5.375,8.04,0,65,65,1.6375,5.5440001487732,-36.019238195693
0.035,1.27,0.13,1.125,20,1.375,3.375,5.375,8.04,0,65,65,1.6375,5.5720000267029,-41.223538857708
0.035,1.27,0.13,1.125,20,1.375,3.375,5.375,8.04,0,65,65,1.6375,5.606999874115,-47.109119749365
0.035,1.27,0.13,1.125,20,1.375,3.375,5.75,8.04,0,65,65,1.6375,5.3480000495911,-34.231791692209
0.035,1.27,0.13,1.125,20,1.375,3.375,5.75,8.04,0,65,65,1.6375,5.4390001296997,-35.761499735719
0.035,1.27,0.13,1.125,20,1.375,3.375,5.75,8.04,0,65,65,1.6375,5.4530000686646,-35.372737512224
0.035,1.27,0.13,1.125,20,1.375,3.375,5.75,8.04,0,65,65,1.6375,5.4739999771118,-32.118495418241
0.035,1.27,0.13,1.125,20,1.375,3.375,6.125,8.04,0,65,65,1.6375,5.2360000610352,-27.836438792505
0.035,1.27,0.13,1.125,20,1.375,3.375,6.125,8.04,0,65,65,1.6375,5.313000202179,-27.292950445127
0.035,1.27,0.13,1.125,20,1.375,3.375,6.125,8.04,0,65,65,1.6375,5.3270001411438,-28.328735911409
0.035,1.27,0.13,1.125,20,1.375,3.375,6.125,8.04,0,65,65,1.6375,5.3340001106262,-26.898499324935
0.035,1.27,0.13,1.125,20,1.375,3.375,6.5,8.04,0,65,65,1.6375,5.1449999809265,-20.440258255911
0.035,1.27,0.13,1.125,20,1.375,3.375,6.5,8.04,0,65,65,1.6375,5.201000213623,-18.133818187173
0.035,1.27,0.13,1.125,20,1.375,3.375,6.5,8.04,0,65,65,1.6375,5.186999797821,-17.969006418464
0.035,1.27,0.13,1.125,20,1.375,3.375,6.5,8.04,0,65,65,1.6375,5.1939997673035,-17.934197038466
0.035,1.27,0.13,1.125,20,1.375,3.75,5.375,8.04,0,65,65,1.6375,5.4180002212524,-35.280586829785
0.035,1.27,0.13,1.125,20,1.375,3.75,5.375,8.04,0,65,65,1.6375,5.5440001487732,-39.686409930803
0.035,1.27,0.13,1.125,20,1.375,3.75,5.375,8.04,0,65,65,1.6375,5.5720000267029,-36.071091218029
0.035,1.27,0.13,1.125,20,1.375,3.75,5.375,8.04,0,65,65,1.6375,5.5999999046326,-31.444123208207
0.035,1.27,0.13,1.125,20,1.375,3.75,5.75,8.04,0,65,65,1.6375,5.3550000190735,-40.451449930775
0.035,1.27,0.13,1.125,20,1.375,3.75,5.75,8.04,0,65,65,1.6375,5.4390001296997,-35.964938112785
0.035,1.27,0.13,1.125,20,1.375,3.75,5.75,8.04,0,65,65,1.6375,5.4530000686646,-35.705647713855
0.035,1.27,0.13,1.125,20,1.375,3.75,5.75,8.04,0,65,65,1.6375,5.4809999465942,-30.53407273037
0.035,1.27,0.13,1.125,20,1.375,3.75,6.125,8.04,0,65,65,1.6375,5.2569999694824,-28.3327744456
0.035,1.27,0.13,1.125,20,1.375,3.75,6.125,8.04,0,65,65,1.6375,5.298999786377,-29.316302263491
0.035,1.27,0.13,1.125,20,1.375,3.75,6.125,8.04,0,65,65,1.6375,5.3410000801086,-26.291824774576
0.035,1.27,0.13,1.125,20,1.375,3.75,6.125,8.04,0,65,65,1.6375,5.3340001106262,-25.950819378529
0.035,1.27,0.13,1.125,20,1.375,3.75,6.5,8.04,0,65,65,1.6375,5.1519999504089,-20.561116913917
0.035,1.27,0.13,1.125,20,1.375,3.75,6.5,8.04,0,65,65,1.6375,5.1799998283386,-20.078533733592
0.035,1.27,0.13,1.125,20,1.375,3.75,6.5,8.04,0,65,65,1.6375,5.201000213623,-18.898660857309
0.035,1.27,0.13,1.125,20,1.375,3.75,6.5,8.04,0,65,65,1.6375,5.201000213623,-18.1361475365
0.035,1.27,0.13,1.125,20,1.375,4.125,5.375,8.04,0,65,65,1.6375,5.3899998664856,-42.968314330796
0.035,1.27,0.13,1.125,20,1.375,4.125,5.375,8.04,0,65,65,1.6375,5.5440001487732,-22.117054432732
0.035,1.27,0.13,1.125,20,1.375,4.125,5.375,8.04,0,65,65,1.6375,5.5929999351501,-33.570893694051
0.035,1.27,0.13,1.125,20,1.375,4.125,5.375,8.04,0,65,65,1.6375,5.6139998435974,-24.72415666513
0.035,1.27,0.13,1.125,20,1.375,4.125,5.75,8.04,0,65,65,1.6375,5.3410000801086,-36.388132781396
0.035,1.27,0.13,1.125,20,1.375,4.125,5.75,8.04,0,65,65,1.6375,5.4250001907349,-23.15280171775
0.035,1.27,0.13,1.125,20,1.375,4.125,5.75,8.04,0,65,65,1.6375,5.4530000686646,-19.337120022852
0.035,1.27,0.13,1.125,20,1.375,4.125,5.75,8.04,0,65,65,1.6375,5.4879999160767,-23.077760981258
0.035,1.27,0.13,1.125,20,1.375,4.125,6.125,8.04,0,65,65,1.6375,5.2360000610352,-30.386505691587
0.035,1.27,0.13,1.125,20,1.375,4.125,6.125,8.04,0,65,65,1.6375,5.313000202179,-24.116509529764
0.035,1.27,0.13,1.125,20,1.375,4.125,6.125,8.04,0,65,65,1.6375,5.3200001716614,-21.774598017659
0.035,1.27,0.13,1.125,20,1.375,4.125,6.125,8.04,0,65,65,1.6375,5.3410000801086,-18.902586803327
0.035,1.27,0.13,1.125,20,1.375,4.125,6.5,8.04,0,65,65,1.6375,5.1100001335144,-21.3244543129
0.035,1.27,0.13,1.125,20,1.375,4.125,6.5,8.04,0,65,65,1.6375,5.1939997673035,-18.225168605075
0.035,1.27,0.13,1.125,20,1.375,4.125,6.5,8.04,0,65,65,1.6375,5.1939997673035,-17.440657173907
0.035,1.27,0.13,1.125,20,1.375,4.125,6.5,8.04,0,65,65,1.6375,5.1939997673035,-16.033479246935
0.035,1.27,0.13,1.125,20,1.375,4.5,5.375,8.04,0,65,65,1.6375,5.4039998054504,-32.253138797167
0.035,1.27,0.13,1.125,20,1.375,4.5,5.375,8.04,0,65,65,1.6375,5.5229997634888,-40.025855196117
0.035,1.27,0.13,1.125,20,1.375,4.5,5.375,8.04,0,65,65,1.6375,5.5510001182556,-37.610259152107
0.035,1.27,0.13,1.125,20,1.375,4.5,5.375,8.04,0,65,65,1.6375,5.5859999656677,-32.724263173925
0.035,1.27,0.13,1.125,20,1.375,4.5,5.75,8.04,0,65,65,1.6375,5.3340001106262,-26.496855970664
0.035,1.27,0.13,1.125,20,1.375,4.5,5.75,8.04,0,65,65,1.6375,5.4180002212524,-36.227662597731
0.035,1.27,0.13,1.125,20,1.375,4.5,5.75,8.04,0,65,65,1.6375,5.4460000991821,-33.524088748817
0.035,1.27,0.13,1.125,20,1.375,4.5,5.75,8.04,0,65,65,1.6375,5.4670000076294,-33.286488258954
0.035,1.27,0.13,1.125,20,1.375,4.5,6.125,8.04,0,65,65,1.6375,5.2360000610352,-21.667493818604
0.035,1.27,0.13,1.125,20,1.375,4.5,6.125,8.04,0,65,65,1.6375,5.313000202179,-25.998083319637
0.035,1.27,0.13,1.125,20,1.375,4.5,6.125,8.04,0,65,65,1.6375,5.3270001411438,-29.294048281026
0.035,1.27,0.13,1.125,20,1.375,4.5,6.125,8.04,0,65,65,1.6375,5.3340001106262,-34.931397744964
0.035,1.27,0.13,1.125,20,1.375,4.5,6.5,8.04,0,65,65,1.6375,5.1170001029968,-15.674418624531
0.035,1.27,0.13,1.125,20,1.375,4.5,6.5,8.04,0,65,65,1.6375,5.1939997673035,-15.180637333806
0.035,1.27,0.13,1.125,20,1.375,4.5,6.5,8.04,0,65,65,1.6375,5.201000213623,-16.307165754173
0.035,1.27,0.13,1.125,20,1.375,4.5,6.5,8.04,0,65,65,1.6375,5.201000213623,-17.623140313797
0.035,1.27,0.13,1.125,20,1.75,3.375,5.375,8.04,0,65,65,1.6375,5.4250001907349,-34.703475285086
0.035,1.27,0.13,1.125,20,1.75,3.375,5.375,8.04,0,65,65,1.6375,5.558000087738,-42.433222982106
0.035,1.27,0.13,1.125,20,1.75,3.375,5.375,8.04,0,65,65,1.6375,5.5789999961853,-38.862286538486
0.035,1.27,0.13,1.125,20,1.75,3.375,5.375,8.04,0,65,65,1.6375,5.6139998435974,-40.506168775107
0.035,1.27,0.13,1.125,20,1.75,3.375,5.75,8.04,0,65,65,1.6375,5.3480000495911,-34.06113478002
0.035,1.27,0.13,1.125,20,1.75,3.375,5.75,8.04,0,65,65,1.6375,5.4460000991821,-42.500272979022
0.035,1.27,0.13,1.125,20,1.75,3.375,5.75,8.04,0,65,65,1.6375,5.460000038147,-39.659535434095
0.035,1.27,0.13,1.125,20,1.75,3.375,5.75,8.04,0,65,65,1.6375,5.4879999160767,-33.75903816318
0.035,1.27,0.13,1.125,20,1.75,3.375,6.125,8.04,0,65,65,1.6375,5.2430000305176,-28.346814856083
0.035,1.27,0.13,1.125,20,1.75,3.375,6.125,8.04,0,65,65,1.6375,5.3200001716614,-28.224453409849
0.035,1.27,0.13,1.125,20,1.75,3.375,6.125,8.04,0,65,65,1.6375,5.3340001106262,-28.689956383186
0.035,1.27,0.13,1.125,20,1.75,3.375,6.125,8.04,0,65,65,1.6375,5.3410000801086,-28.673365978719
0.035,1.27,0.13,1.125,20,1.75,3.375,6.5,8.04,0,65,65,1.6375,5.1449999809265,-21.198987008775
0.035,1.27,0.13,1.125,20,1.75,3.375,6.5,8.04,0,65,65,1.6375,5.201000213623,-18.723329972415
0.035,1.27,0.13,1.125,20,1.75,3.375,6.5,8.04,0,65,65,1.6375,5.201000213623,-18.79521147377
0.035,1.27,0.13,1.125,20,1.75,3.375,6.5,8.04,0,65,65,1.6375,5.201000213623,-18.603461429569
0.035,1.27,0.13,1.125,20,1.75,3.75,5.375,8.04,0,65,65,1.6375,5.4250001907349,-36.68853456918
0.035,1.27,0.13,1.125,20,1.75,3.75,5.375,8.04,0,65,65,1.6375,5.5510001182556,-35.745988552365
0.035,1.27,0.13,1.125,20,1.75,3.75,5.375,8.04,0,65,65,1.6375,5.5859999656677,-32.093693190098
0.035,1.27,0.13,1.125,20,1.75,3.75,5.375,8.04,0,65,65,1.6375,5.6209998130798,-25.333469612013
0.035,1.27,0.13,1.125,20,1.75,3.75,5.75,8.04,0,65,65,1.6375,5.3689999580383,-34.798110582571
0.035,1.27,0.13,1.125,20,1.75,3.75,5.75,8.04,0,65,65,1.6375,5.4460000991821,-35.740341949147
0.035,1.27,0.13,1.125,20,1.75,3.75,5.75,8.04,0,65,65,1.6375,5.460000038147,-32.798057623906
0.035,1.27,0.13,1.125,20,1.75,3.75,5.75,8.04,0,65,65,1.6375,5.4879999160767,-28.30912621688
0.035,1.27,0.13,1.125,20,1.75,3.75,6.125,8.04,0,65,65,1.6375,5.2639999389648,-27.374260929146
0.035,1.27,0.13,1.125,20,1.75,3.75,6.125,8.04,0,65,65,1.6375,5.3060002326965,-28.325309992073
0.035,1.27,0.13,1.125,20,1.75,3.75,6.125,8.04,0,65,65,1.6375,5.3410000801086,-25.828171355339
0.035,1.27,0.13,1.125,20,1.75,3.75,6.125,8.04,0,65,65,1.6375,5.3410000801086,-26.46167063507
0.035,1.27,0.13,1.125,20,1.75,3.75,6.5,8.04,0,65,65,1.6375,5.1589999198914,-20.635881557365
0.035,1.27,0.13,1.125,20,1.75,3.75,6.5,8.04,0,65,65,1.6375,5.1939997673035,-20.277067449088
0.035,1.27,0.13,1.125,20,1.75,3.75,6.5,8.04,0,65,65,1.6375,5.201000213623,-19.105322117439
0.035,1.27,0.13,1.125,20,1.75,3.75,6.5,8.04,0,65,65,1.6375,5.2080001831055,-19.272656892775
0.035,1.27,0.13,1.125,20,1.75,4.125,5.375,8.04,0,65,65,1.6375,5.4039998054504,-23.832934882371
0.035,1.27,0.13,1.125,20,1.75,4.125,5.375,8.04,0,65,65,1.6375,5.558000087738,-31.388911416912
0.035,1.27,0.13,1.125,20,1.75,4.125,5.375,8.04,0,65,65,1.6375,5.5859999656677,-24.594035557152
0.035,1.27,0.13,1.125,20,1.75,4.125,5.375,8.04,0,65,65,1.6375,5.6209998130798,-24.177019687405
0.035,1.27,0.13,1.125,20,1.75,4.125,5.75,8.04,0,65,65,1.6375,5.3550000190735,-22.812054533543
0.035,1.27,0.13,1.125,20,1.75,4.125,5.75,8.04,0,65,65,1.6375,5.460000038147,-33.740876941387
0.035,1.27,0.13,1.125,20,1.75,4.125,5.75,8.04,0,65,65,1.6375,5.4670000076294,-26.958358991624
0.035,1.27,0.13,1.125,20,1.75,4.125,5.75,8.04,0,65,65,1.6375,5.4879999160767,-23.036573410083
0.035,1.27,0.13,1.125,20,1.75,4.125,6.125,8.04,0,65,65,1.6375,5.2430000305176,-28.343617634599
0.035,1.27,0.13,1.125,20,1.75,4.125,6.125,8.04,0,65,65,1.6375,5.3200001716614,-19.700093432757
0.035,1.27,0.13,1.125,20,1.75,4.125,6.125,8.04,0,65,65,1.6375,5.3340001106262,-17.478873897154
0.035,1.27,0.13,1.125,20,1.75,4.125,6.125,8.04,0,65,65,1.6375,5.3619999885559,-22.410714102473
0.035,1.27,0.13,1.125,20,1.75,4.125,6.5,8.04,0,65,65,1.6375,5.1170001029968,-22.135989167958
0.035,1.27,0.13,1.125,20,1.75,4.125,6.5,8.04,0,65,65,1.6375,5.1939997673035,-17.942333108562
0.035,1.27,0.13,1.125,20,1.75,4.125,6.5,8.04,0,65,65,1.6375,5.201000213623,-17.207303918629
0.035,1.27,0.13,1.125,20,1.75,4.125,6.5,8.04,0,65,65,1.6375,5.201000213623,-15.023546122609
0.035,1.27,0.13,1.125,20,1.75,4.5,5.375,8.04,0,65,65,1.6375,5.396999835968,-40.873392575902
0.035,1.27,0.13,1.125,20,1.75,4.5,5.375,8.04,0,65,65,1.6375,5.5300002098083,-35.888920793183
0.035,1.27,0.13,1.125,20,1.75,4.5,5.375,8.04,0,65,65,1.6375,5.558000087738,-31.945829063432
0.035,1.27,0.13,1.125,20,1.75,4.5,5.375,8.04,0,65,65,1.6375,5.5929999351501,-30.779881127787
0.035,1.27,0.13,1.125,20,1.75,4.5,5.75,8.04,0,65,65,1.6375,5.3340001106262,-32.196942365766
0.035,1.27,0.13,1.125,20,1.75,4.5,5.75,8.04,0,65,65,1.6375,5.4320001602173,-40.585809239531
0.035,1.27,0.13,1.125,20,1.75,4.5,5.75,8.04,0,65,65,1.6375,5.4460000991821,-31.707533426703
0.035,1.27,0.13,1.125,20,1.75,4.5,5.75,8.04,0,65,65,1.6375,5.4739999771118,-30.245034680057
0.035,1.27,0.13,1.125,20,1.75,4.5,6.125,8.04,0,65,65,1.6375,5.2290000915527,-25.65633519174
0.035,1.27,0.13,1.125,20,1.75,4.5,6.125,8.04,0,65,65,1.6375,5.3200001716614,-29.411288700501
0.035,1.27,0.13,1.125,20,1.75,4.5,6.125,8.04,0,65,65,1.6375,5.3340001106262,-30.700460065819
0.035,1.27,0.13,1.125,20,1.75,4.5,6.125,8.04,0,65,65,1.6375,5.3340001106262,-33.35717292198
0.035,1.27,0.13,1.125,20,1.75,4.5,6.5,8.04,0,65,65,1.6375,5.1240000724792,-17.982909779307
0.035,1.27,0.13,1.125,20,1.75,4.5,6.5,8.04,0,65,65,1.6375,5.2080001831055,-19.176264208739
0.035,1.27,0.13,1.125,20,1.75,4.5,6.5,8.04,0,65,65,1.6375,5.2080001831055,-21.0367803804
0.035,1.27,0.13,1.125,20,1.75,4.5,6.5,8.04,0,65,65,1.6375,5.201000213623,-21.754312563046
0.035,1.27,0.13,1.125,20,2.125,3.375,5.375,8.04,0,65,65,1.6375,5.4320001602173,-36.059308530086
0.035,1.27,0.13,1.125,20,2.125,3.375,5.375,8.04,0,65,65,1.6375,5.5650000572205,-37.980145742322
0.035,1.27,0.13,1.125,20,2.125,3.375,5.375,8.04,0,65,65,1.6375,5.5859999656677,-35.720531457833
0.035,1.27,0.13,1.125,20,2.125,3.375,5.375,8.04,0,65,65,1.6375,5.6209998130798,-41.579457607055
0.035,1.27,0.13,1.125,20,2.125,3.375,5.75,8.04,0,65,65,1.6375,5.3550000190735,-40.349072162563
0.035,1.27,0.13,1.125,20,2.125,3.375,5.75,8.04,0,65,65,1.6375,5.4460000991821,-49.371074313218
0.035,1.27,0.13,1.125,20,2.125,3.375,5.75,8.04,0,65,65,1.6375,5.4670000076294,-47.986571014915
0.035,1.27,0.13,1.125,20,2.125,3.375,5.75,8.04,0,65,65,1.6375,5.4879999160767,-43.558858524963
0.035,1.27,0.13,1.125,20,2.125,3.375,6.125,8.04,0,65,65,1.6375,5.25,-29.107978916101
0.035,1.27,0.13,1.125,20,2.125,3.375,6.125,8.04,0,65,65,1.6375,5.3200001716614,-28.311382989473
0.035,1.27,0.13,1.125,20,2.125,3.375,6.125,8.04,0,65,65,1.6375,5.3340001106262,-28.52468064402
0.035,1.27,0.13,1.125,20,2.125,3.375,6.125,8.04,0,65,65,1.6375,5.3410000801086,-28.912781768118
0.035,1.27,0.13,1.125,20,2.125,3.375,6.5,8.04,0,65,65,1.6375,5.1449999809265,-21.429952442403
0.035,1.27,0.13,1.125,20,2.125,3.375,6.5,8.04,0,65,65,1.6375,5.2080001831055,-19.050890055717
0.035,1.27,0.13,1.125,20,2.125,3.375,6.5,8.04,0,65,65,1.6375,5.201000213623,-19.577940987253
0.035,1.27,0.13,1.125,20,2.125,3.375,6.5,8.04,0,65,65,1.6375,5.201000213623,-19.196452426353
0.035,1.27,0.13,1.125,20,2.125,3.75,5.375,8.04,0,65,65,1.6375,5.4250001907349,-38.091118145236
0.035,1.27,0.13,1.125,20,2.125,3.75,5.375,8.04,0,65,65,1.6375,5.5650000572205,-31.776080308231
0.035,1.27,0.13,1.125,20,2.125,3.75,5.375,8.04,0,65,65,1.6375,5.6139998435974,-22.04933678525
0.035,1.27,0.13,1.125,20,2.125,3.75,5.375,8.04,0,65,65,1.6375,5.6490001678467,-18.276411482905
0.035,1.27,0.13,1.125,20,2.125,3.75,5.75,8.04,0,65,65,1.6375,5.3759999275208,-35.150136620689
0.035,1.27,0.13,1.125,20,2.125,3.75,5.75,8.04,0,65,65,1.6375,5.4530000686646,-32.940637281724
0.035,1.27,0.13,1.125,20,2.125,3.75,5.75,8.04,0,65,65,1.6375,5.4670000076294,-28.818411771351
0.035,1.27,0.13,1.125,20,2.125,3.75,5.75,8.04,0,65,65,1.6375,5.4949998855591,-23.640067155442
0.035,1.27,0.13,1.125,20,2.125,3.75,6.125,8.04,0,65,65,1.6375,5.2639999389648,-28.393156187381
0.035,1.27,0.13,1.125,20,2.125,3.75,6.125,8.04,0,65,65,1.6375,5.3060002326965,-29.408500410503
0.035,1.27,0.13,1.125,20,2.125,3.75,6.125,8.04,0,65,65,1.6375,5.3480000495911,-26.013221046724
0.035,1.27,0.13,1.125,20,2.125,3.75,6.125,8.04,0,65,65,1.6375,5.3410000801086,-24.750203691867
0.035,1.27,0.13,1.125,20,2.125,3.75,6.5,8.04,0,65,65,1.6375,5.1589999198914,-21.284069663559
0.035,1.27,0.13,1.125,20,2.125,3.75,6.5,8.04,0,65,65,1.6375,5.1939997673035,-21.053528844319
0.035,1.27,0.13,1.125,20,2.125,3.75,6.5,8.04,0,65,65,1.6375,5.2080001831055,-20.284937129798
0.035,1.27,0.13,1.125,20,2.125,3.75,6.5,8.04,0,65,65,1.6375,5.2080001831055,-18.620079935906
0.035,1.27,0.13,1.125,20,2.125,4.125,5.375,8.04,0,65,65,1.6375,5.4180002212524,-40.712089725261
0.035,1.27,0.13,1.125,20,2.125,4.125,5.375,8.04,0,65,65,1.6375,5.558000087738,-28.264831933165
0.035,1.27,0.13,1.125,20,2.125,4.125,5.375,8.04,0,65,65,1.6375,5.5859999656677,-25.961061376868
0.035,1.27,0.13,1.125,20,2.125,4.125,5.375,8.04,0,65,65,1.6375,5.6209998130798,-26.316255307573
0.035,1.27,0.13,1.125,20,2.125,4.125,5.75,8.04,0,65,65,1.6375,5.3689999580383,-32.339613468317
0.035,1.27,0.13,1.125,20,2.125,4.125,5.75,8.04,0,65,65,1.6375,5.460000038147,-29.675959975137
0.035,1.27,0.13,1.125,20,2.125,4.125,5.75,8.04,0,65,65,1.6375,5.4670000076294,-24.902997299444
0.035,1.27,0.13,1.125,20,2.125,4.125,5.75,8.04,0,65,65,1.6375,5.4879999160767,-26.154812401369
0.035,1.27,0.13,1.125,20,2.125,4.125,6.125,8.04,0,65,65,1.6375,5.25,-20.244192374898
0.035,1.27,0.13,1.125,20,2.125,4.125,6.125,8.04,0,65,65,1.6375,5.3340001106262,-36.20008718944
0.035,1.27,0.13,1.125,20,2.125,4.125,6.125,8.04,0,65,65,1.6375,5.3410000801086,-29.650693381467
0.035,1.27,0.13,1.125,20,2.125,4.125,6.125,8.04,0,65,65,1.6375,5.3550000190735,-25.885217314416
0.035,1.27,0.13,1.125,20,2.125,4.125,6.5,8.04,0,65,65,1.6375,5.1100001335144,-20.88248840829
0.035,1.27,0.13,1.125,20,2.125,4.125,6.5,8.04,0,65,65,1.6375,5.2080001831055,-15.706872401339
0.035,1.27,0.13,1.125,20,2.125,4.125,6.5,8.04,0,65,65,1.6375,5.2220001220703,-17.686752777264
0.035,1.27,0.13,1.125,20,2.125,4.5,5.375,8.04,0,65,65,1.6375,5.4109997749329,-37.600423637306
0.035,1.27,0.13,1.125,20,2.125,4.5,5.375,8.04,0,65,65,1.6375,5.5370001792908,-32.257059291972
0.035,1.27,0.13,1.125,20,2.125,4.5,5.375,8.04,0,65,65,1.6375,5.5789999961853,-29.449808388411
0.035,1.27,0.13,1.125,20,2.125,4.5,5.375,8.04,0,65,65,1.6375,5.606999874115,-30.045937216228
0.035,1.27,0.13,1.125,20,2.125,4.5,5.75,8.04,0,65,65,1.6375,5.3480000495911,-37.480062299861
0.035,1.27,0.13,1.125,20,2.125,4.5,5.75,8.04,0,65,65,1.6375,5.4250001907349,-33.252149204879
0.035,1.27,0.13,1.125,20,2.125,4.5,5.75,8.04,0,65,65,1.6375,5.460000038147,-31.831444234625
0.035,1.27,0.13,1.125,20,2.125,4.5,5.75,8.04,0,65,65,1.6375,5.4809999465942,-31.472925223896
0.035,1.27,0.13,1.125,20,2.125,4.5,6.125,8.04,0,65,65,1.6375,5.25,-28.618577529117
0.035,1.27,0.13,1.125,20,2.125,4.5,6.125,8.04,0,65,65,1.6375,5.3200001716614,-39.715161775739
0.035,1.27,0.13,1.125,20,2.125,4.5,6.125,8.04,0,65,65,1.6375,5.3340001106262,-52.858779253686
0.035,1.27,0.13,1.125,20,2.125,4.5,6.125,8.04,0,65,65,1.6375,5.3340001106262,-31.289842323769
0.035,1.27,0.13,1.125,20,2.125,4.5,6.5,8.04,0,65,65,1.6375,5.1240000724792,-20.478137076589
0.035,1.27,0.13,1.125,20,2.125,4.5,6.5,8.04,0,65,65,1.6375,5.2150001525879,-21.520992377784
0.035,1.27,0.13,1.125,20,2.125,4.5,6.5,8.04,0,65,65,1.6375,5.2080001831055,-24.251529733519
0.035,1.27,0.13,1.125,20,2.125,4.5,6.5,8.04,0,65,65,1.6375,5.201000213623,-24.287242374202
0.035,1.27,0.13,1.125,20,2.5,3.375,5.375,8.04,0,65,65,1.6375,5.4390001296997,-35.390765181641
0.035,1.27,0.13,1.125,20,2.5,3.375,5.375,8.04,0,65,65,1.6375,5.5650000572205,-37.791411100019
0.035,1.27,0.13,1.125,20,2.5,3.375,5.375,8.04,0,65,65,1.6375,5.5859999656677,-35.074436327594
0.035,1.27,0.13,1.125,20,2.5,3.375,5.375,8.04,0,65,65,1.6375,5.6209998130798,-44.085770705185
0.035,1.27,0.13,1.125,20,2.5,3.375,5.75,8.04,0,65,65,1.6375,5.3550000190735,-52.124449289332
0.035,1.27,0.13,1.125,20,2.5,3.375,5.75,8.04,0,65,65,1.6375,5.4530000686646,-33.93380031579
0.035,1.27,0.13,1.125,20,2.5,3.375,5.75,8.04,0,65,65,1.6375,5.460000038147,-34.169232041192
0.035,1.27,0.13,1.125,20,2.5,3.375,5.75,8.04,0,65,65,1.6375,5.4879999160767,-39.40554290923
0.035,1.27,0.13,1.125,20,2.5,3.375,6.125,8.04,0,65,65,1.6375,5.2430000305176,-29.849856983327
0.035,1.27,0.13,1.125,20,2.5,3.375,6.125,8.04,0,65,65,1.6375,5.3200001716614,-28.880971271981
0.035,1.27,0.13,1.125,20,2.5,3.375,6.125,8.04,0,65,65,1.6375,5.3340001106262,-28.697525382764
0.035,1.27,0.13,1.125,20,2.5,3.375,6.125,8.04,0,65,65,1.6375,5.3410000801086,-28.882657431118
0.035,1.27,0.13,1.125,20,2.5,3.375,6.5,8.04,0,65,65,1.6375,5.1519999504089,-21.506210619084
0.035,1.27,0.13,1.125,20,2.5,3.375,6.5,8.04,0,65,65,1.6375,5.2080001831055,-19.460962254902
0.035,1.27,0.13,1.125,20,2.5,3.375,6.5,8.04,0,65,65,1.6375,5.1939997673035,-19.692024337709
0.035,1.27,0.13,1.125,20,2.5,3.375,6.5,8.04,0,65,65,1.6375,5.201000213623,-19.044211347183
0.035,1.27,0.13,1.125,20,2.5,3.75,5.375,8.04,0,65,65,1.6375,5.4320001602173,-39.546018678721
0.035,1.27,0.13,1.125,20,2.5,3.75,5.375,8.04,0,65,65,1.6375,5.5929999351501,-33.28901913068
0.035,1.27,0.13,1.125,20,2.5,3.75,5.375,8.04,0,65,65,1.6375,5.5999999046326,-18.831409350529
0.035,1.27,0.13,1.125,20,2.5,3.75,5.375,8.04,0,65,65,1.6375,5.6209998130798,-22.043487433206
0.035,1.27,0.13,1.125,20,2.5,3.75,5.75,8.04,0,65,65,1.6375,5.3689999580383,-44.506912394784
0.035,1.27,0.13,1.125,20,2.5,3.75,5.75,8.04,0,65,65,1.6375,5.4530000686646,-29.457100856524
0.035,1.27,0.13,1.125,20,2.5,3.75,5.75,8.04,0,65,65,1.6375,5.4879999160767,-22.161762191815
0.035,1.27,0.13,1.125,20,2.5,3.75,5.75,8.04,0,65,65,1.6375,5.5089998245239,-17.331598140831
0.035,1.27,0.13,1.125,20,2.5,3.75,6.125,8.04,0,65,65,1.6375,5.2639999389648,-28.49720514854
0.035,1.27,0.13,1.125,20,2.5,3.75,6.125,8.04,0,65,65,1.6375,5.313000202179,-27.067894605155
0.035,1.27,0.13,1.125,20,2.5,3.75,6.125,8.04,0,65,65,1.6375,5.3480000495911,-23.934040801326
0.035,1.27,0.13,1.125,20,2.5,3.75,6.125,8.04,0,65,65,1.6375,5.3480000495911,-22.182831039794
0.035,1.27,0.13,1.125,20,2.5,3.75,6.5,8.04,0,65,65,1.6375,5.1589999198914,-22.062724918098
0.035,1.27,0.13,1.125,20,2.5,3.75,6.5,8.04,0,65,65,1.6375,5.1939997673035,-21.430138394917
0.035,1.27,0.13,1.125,20,2.5,3.75,6.5,8.04,0,65,65,1.6375,5.2080001831055,-20.407915802865
0.035,1.27,0.13,1.125,20,2.5,3.75,6.5,8.04,0,65,65,1.6375,5.2080001831055,-18.759373923639
0.035,1.27,0.13,1.125,20,2.5,4.125,5.375,8.04,0,65,65,1.6375,5.4250001907349,-33.051447702846
0.035,1.27,0.13,1.125,20,2.5,4.125,5.375,8.04,0,65,65,1.6375,5.5650000572205,-28.828702237257
0.035,1.27,0.13,1.125,20,2.5,4.125,5.375,8.04,0,65,65,1.6375,5.5929999351501,-27.885749269778
0.035,1.27,0.13,1.125,20,2.5,4.125,5.375,8.04,0,65,65,1.6375,5.6209998130798,-27.947439193654
0.035,1.27,0.13,1.125,20,2.5,4.125,5.75,8.04,0,65,65,1.6375,5.3689999580383,-41.272023487002
0.035,1.27,0.13,1.125,20,2.5,4.125,5.75,8.04,0,65,65,1.6375,5.4530000686646,-31.397729238203
0.035,1.27,0.13,1.125,20,2.5,4.125,5.75,8.04,0,65,65,1.6375,5.4739999771118,-27.803710735682
0.035,1.27,0.13,1.125,20,2.5,4.125,5.75,8.04,0,65,65,1.6375,5.4879999160767,-29.592417627647
0.035,1.27,0.13,1.125,20,2.5,4.125,6.125,8.04,0,65,65,1.6375,5.2569999694824,-29.616950842133
0.035,1.27,0.13,1.125,20,2.5,4.125,6.125,8.04,0,65,65,1.6375,5.3340001106262,-41.456592223763
0.035,1.27,0.13,1.125,20,2.5,4.125,6.125,8.04,0,65,65,1.6375,5.3410000801086,-31.539560335522
0.035,1.27,0.13,1.125,20,2.5,4.125,6.125,8.04,0,65,65,1.6375,5.3550000190735,-32.264809928534
0.035,1.27,0.13,1.125,20,2.5,4.125,6.5,8.04,0,65,65,1.6375,5.1170001029968,-18.347939029099
0.035,1.27,0.13,1.125,20,2.5,4.125,6.5,8.04,0,65,65,1.6375,5.2220001220703,-21.521996957516
0.035,1.27,0.13,1.125,20,2.5,4.125,6.5,8.04,0,65,65,1.6375,5.2150001525879,-25.578151743749
0.035,1.27,0.13,1.125,20,2.5,4.125,6.5,8.04,0,65,65,1.6375,5.2150001525879,-26.029806899344
0.035,1.27,0.13,1.125,20,2.5,4.5,5.375,8.04,0,65,65,1.6375,5.4250001907349,-33.720250322605
0.035,1.27,0.13,1.125,20,2.5,4.5,5.375,8.04,0,65,65,1.6375,5.5440001487732,-32.050202050563
0.035,1.27,0.13,1.125,20,2.5,4.5,5.375,8.04,0,65,65,1.6375,5.5720000267029,-29.44010067962
0.035,1.27,0.13,1.125,20,2.5,4.5,5.375,8.04,0,65,65,1.6375,5.6139998435974,-30.774500735433
0.035,1.27,0.13,1.125,20,2.5,4.5,5.75,8.04,0,65,65,1.6375,5.3550000190735,-35.885332746083
0.035,1.27,0.13,1.125,20,2.5,4.5,5.75,8.04,0,65,65,1.6375,5.4390001296997,-32.241639555051
0.035,1.27,0.13,1.125,20,2.5,4.5,5.75,8.04,0,65,65,1.6375,5.460000038147,-32.392604819063
0.035,1.27,0.13,1.125,20,2.5,4.5,5.75,8.04,0,65,65,1.6375,5.4809999465942,-31.421536199168
0.035,1.27,0.13,1.125,20,2.5,4.5,6.125,8.04,0,65,65,1.6375,5.25,-34.121717865999
0.035,1.27,0.13,1.125,20,2.5,4.5,6.125,8.04,0,65,65,1.6375,5.3270001411438,-32.928881036088
0.035,1.27,0.13,1.125,20,2.5,4.5,6.125,8.04,0,65,65,1.6375,5.3410000801086,-32.24369557593
0.035,1.27,0.13,1.125,20,2.5,4.5,6.125,8.04,0,65,65,1.6375,5.3410000801086,-31.904382997512
0.035,1.27,0.13,1.125,20,2.5,4.5,6.5,8.04,0,65,65,1.6375,5.1310000419617,-22.462213256875
0.035,1.27,0.13,1.125,20,2.5,4.5,6.5,8.04,0,65,65,1.6375,5.2150001525879,-22.338915724637
0.035,1.27,0.13,1.125,20,2.5,4.5,6.5,8.04,0,65,65,1.6375,5.2080001831055,-23.781818096744
0.035,1.27,0.13,1.125,20,2.5,4.5,6.5,8.04,0,65,65,1.6375,5.2080001831055,-23.839668658352
0.035,1.27,0.13,1.125,20,1.375,3.375,5.375,8.32,0,65,65,1.6375,5.298999786377,-33.027707177131
0.035,1.27,0.13,1.125,20,1.375,3.375,5.375,8.32,0,65,65,1.6375,5.4180002212524,-31.589065852991
0.035,1.27,0.13,1.125,20,1.375,3.375,5.375,8.32,0,65,65,1.6375,5.4670000076294,-31.380759813035
0.035,1.27,0.13,1.125,20,1.375,3.375,5.375,8.32,0,65,65,1.6375,5.4949998855591,-31.372976168408
0.035,1.27,0.13,1.125,20,1.375,3.375,5.75,8.32,0,65,65,1.6375,5.2360000610352,-40.116656656956
0.035,1.27,0.13,1.125,20,1.375,3.375,5.75,8.32,0,65,65,1.6375,5.3270001411438,-39.033334037888
0.035,1.27,0.13,1.125,20,1.375,3.375,5.75,8.32,0,65,65,1.6375,5.3550000190735,-32.463927858482
0.035,1.27,0.13,1.125,20,1.375,3.375,5.75,8.32,0,65,65,1.6375,5.3759999275208,-36.366705222633
0.035,1.27,0.13,1.125,20,1.375,3.375,6.125,8.32,0,65,65,1.6375,5.1310000419617,-31.38986140083
0.035,1.27,0.13,1.125,20,1.375,3.375,6.125,8.32,0,65,65,1.6375,5.2080001831055,-33.573619876634
0.035,1.27,0.13,1.125,20,1.375,3.375,6.125,8.32,0,65,65,1.6375,5.2290000915527,-33.712643668497
0.035,1.27,0.13,1.125,20,1.375,3.375,6.125,8.32,0,65,65,1.6375,5.25,-34.233611200038
0.035,1.27,0.13,1.125,20,1.375,3.375,6.5,8.32,0,65,65,1.6375,5.0260000228882,-23.66328038264
0.035,1.27,0.13,1.125,20,1.375,3.375,6.5,8.32,0,65,65,1.6375,5.103000164032,-22.209263586194
0.035,1.27,0.13,1.125,20,1.375,3.375,6.5,8.32,0,65,65,1.6375,5.1100001335144,-21.897414632048
0.035,1.27,0.13,1.125,20,1.375,3.375,6.5,8.32,0,65,65,1.6375,5.1170001029968,-22.251576466664
0.035,1.27,0.13,1.125,20,1.375,3.75,5.375,8.32,0,65,65,1.6375,5.2919998168945,-31.194770817876
0.035,1.27,0.13,1.125,20,1.375,3.75,5.375,8.32,0,65,65,1.6375,5.4109997749329,-33.348867758658
0.035,1.27,0.13,1.125,20,1.375,3.75,5.375,8.32,0,65,65,1.6375,5.4670000076294,-36.031632936819
0.035,1.27,0.13,1.125,20,1.375,3.75,5.375,8.32,0,65,65,1.6375,5.4809999465942,-35.462544774063
0.035,1.27,0.13,1.125,20,1.375,3.75,5.75,8.32,0,65,65,1.6375,5.2430000305176,-43.869824911015
0.035,1.27,0.13,1.125,20,1.375,3.75,5.75,8.32,0,65,65,1.6375,5.3200001716614,-42.758590696392
0.035,1.27,0.13,1.125,20,1.375,3.75,5.75,8.32,0,65,65,1.6375,5.3550000190735,-35.72345455252
0.035,1.27,0.13,1.125,20,1.375,3.75,5.75,8.32,0,65,65,1.6375,5.3759999275208,-49.205251458505
0.035,1.27,0.13,1.125,20,1.375,3.75,6.125,8.32,0,65,65,1.6375,5.1449999809265,-34.422768100714
0.035,1.27,0.13,1.125,20,1.375,3.75,6.125,8.32,0,65,65,1.6375,5.2150001525879,-31.660754592442
0.035,1.27,0.13,1.125,20,1.375,3.75,6.125,8.32,0,65,65,1.6375,5.2360000610352,-33.139174307739
0.035,1.27,0.13,1.125,20,1.375,3.75,6.125,8.32,0,65,65,1.6375,5.25,-30.52704738069
0.035,1.27,0.13,1.125,20,1.375,3.75,6.5,8.32,0,65,65,1.6375,5.0469999313354,-24.85981407159
0.035,1.27,0.13,1.125,20,1.375,3.75,6.5,8.32,0,65,65,1.6375,5.0960001945496,-24.023244246448
0.035,1.27,0.13,1.125,20,1.375,3.75,6.5,8.32,0,65,65,1.6375,5.1100001335144,-22.963217386781
0.035,1.27,0.13,1.125,20,1.375,3.75,6.5,8.32,0,65,65,1.6375,5.1240000724792,-22.199894466713
0.035,1.27,0.13,1.125,20,1.375,4.125,5.375,8.32,0,65,65,1.6375,5.2709999084473,-31.371576636443
0.035,1.27,0.13,1.125,20,1.375,4.125,5.375,8.32,0,65,65,1.6375,5.3829998970032,-32.614425141044
0.035,1.27,0.13,1.125,20,1.375,4.125,5.375,8.32,0,65,65,1.6375,5.4530000686646,-21.698208916668
0.035,1.27,0.13,1.125,20,1.375,4.125,5.375,8.32,0,65,65,1.6375,5.5089998245239,-31.973553742475
0.035,1.27,0.13,1.125,20,1.375,4.125,5.75,8.32,0,65,65,1.6375,5.2220001220703,-35.931324186432
0.035,1.27,0.13,1.125,20,1.375,4.125,5.75,8.32,0,65,65,1.6375,5.313000202179,-35.380193068239
0.035,1.27,0.13,1.125,20,1.375,4.125,5.75,8.32,0,65,65,1.6375,5.3410000801086,-26.968335185839
0.035,1.27,0.13,1.125,20,1.375,4.125,5.75,8.32,0,65,65,1.6375,5.3689999580383,-21.447141728803
0.035,1.27,0.13,1.125,20,1.375,4.125,6.125,8.32,0,65,65,1.6375,5.1310000419617,-37.419037986966
0.035,1.27,0.13,1.125,20,1.375,4.125,6.125,8.32,0,65,65,1.6375,5.2080001831055,-28.424315693959
0.035,1.27,0.13,1.125,20,1.375,4.125,6.125,8.32,0,65,65,1.6375,5.2220001220703,-26.890567442227
0.035,1.27,0.13,1.125,20,1.375,4.125,6.125,8.32,0,65,65,1.6375,5.2430000305176,-24.404073533024
0.035,1.27,0.13,1.125,20,1.375,4.125,6.5,8.32,0,65,65,1.6375,5.0190000534058,-25.479341258582
0.035,1.27,0.13,1.125,20,1.375,4.125,6.5,8.32,0,65,65,1.6375,5.0890002250671,-24.126697840248
0.035,1.27,0.13,1.125,20,1.375,4.125,6.5,8.32,0,65,65,1.6375,5.103000164032,-22.399848736363
0.035,1.27,0.13,1.125,20,1.375,4.125,6.5,8.32,0,65,65,1.6375,5.1170001029968,-20.208186332644
0.035,1.27,0.13,1.125,20,1.375,4.5,5.375,8.32,0,65,65,1.6375,5.2779998779297,-29.640249287749
0.035,1.27,0.13,1.125,20,1.375,4.5,5.375,8.32,0,65,65,1.6375,5.3899998664856,-34.396375718891
0.035,1.27,0.13,1.125,20,1.375,4.5,5.375,8.32,0,65,65,1.6375,5.4390001296997,-28.54435950453
0.035,1.27,0.13,1.125,20,1.375,4.5,5.375,8.32,0,65,65,1.6375,5.4670000076294,-25.625294172396
0.035,1.27,0.13,1.125,20,1.375,4.5,5.75,8.32,0,65,65,1.6375,5.2080001831055,-23.378305664172
0.035,1.27,0.13,1.125,20,1.375,4.5,5.75,8.32,0,65,65,1.6375,5.313000202179,-37.966162028263
0.035,1.27,0.13,1.125,20,1.375,4.5,5.75,8.32,0,65,65,1.6375,5.3410000801086,-32.273851679006
0.035,1.27,0.13,1.125,20,1.375,4.5,5.75,8.32,0,65,65,1.6375,5.3689999580383,-27.648479378314
0.035,1.27,0.13,1.125,20,1.375,4.5,6.125,8.32,0,65,65,1.6375,5.1170001029968,-20.051712266789
0.035,1.27,0.13,1.125,20,1.375,4.5,6.125,8.32,0,65,65,1.6375,5.2220001220703,-22.79468123257
0.035,1.27,0.13,1.125,20,1.375,4.5,6.125,8.32,0,65,65,1.6375,5.2360000610352,-30.245927395053
0.035,1.27,0.13,1.125,20,1.375,4.5,6.125,8.32,0,65,65,1.6375,5.25,-33.684998736491
0.035,1.27,0.13,1.125,20,1.375,4.5,6.5,8.32,0,65,65,1.6375,5.0050001144409,-20.57971984213
0.035,1.27,0.13,1.125,20,1.375,4.5,6.5,8.32,0,65,65,1.6375,5.0890002250671,-16.233577971214
0.035,1.27,0.13,1.125,20,1.375,4.5,6.5,8.32,0,65,65,1.6375,5.1100001335144,-15.229556028431
0.035,1.27,0.13,1.125,20,1.375,4.5,6.5,8.32,0,65,65,1.6375,5.1240000724792,-16.396759012871
0.035,1.27,0.13,1.125,20,1.75,3.375,5.375,8.32,0,65,65,1.6375,5.3060002326965,-31.504604040416
0.035,1.27,0.13,1.125,20,1.75,3.375,5.375,8.32,0,65,65,1.6375,5.4250001907349,-30.943188646938
0.035,1.27,0.13,1.125,20,1.75,3.375,5.375,8.32,0,65,65,1.6375,5.4739999771118,-30.799492638306
0.035,1.27,0.13,1.125,20,1.75,3.375,5.375,8.32,0,65,65,1.6375,5.5019998550415,-30.081243787042
0.035,1.27,0.13,1.125,20,1.75,3.375,5.75,8.32,0,65,65,1.6375,5.2360000610352,-36.15755506683
0.035,1.27,0.13,1.125,20,1.75,3.375,5.75,8.32,0,65,65,1.6375,5.3340001106262,-34.382393304809
0.035,1.27,0.13,1.125,20,1.75,3.375,5.75,8.32,0,65,65,1.6375,5.3619999885559,-32.357874527241
0.035,1.27,0.13,1.125,20,1.75,3.375,5.75,8.32,0,65,65,1.6375,5.3829998970032,-35.571508953594
0.035,1.27,0.13,1.125,20,1.75,3.375,6.125,8.32,0,65,65,1.6375,5.1310000419617,-36.461741084736
0.035,1.27,0.13,1.125,20,1.75,3.375,6.125,8.32,0,65,65,1.6375,5.2080001831055,-33.538362642538
0.035,1.27,0.13,1.125,20,1.75,3.375,6.125,8.32,0,65,65,1.6375,5.2290000915527,-32.681973900076
0.035,1.27,0.13,1.125,20,1.75,3.375,6.125,8.32,0,65,65,1.6375,5.25,-30.037978838426
0.035,1.27,0.13,1.125,20,1.75,3.375,6.5,8.32,0,65,65,1.6375,5.0329999923706,-25.738497509963
0.035,1.27,0.13,1.125,20,1.75,3.375,6.5,8.32,0,65,65,1.6375,5.1100001335144,-22.635091712408
0.035,1.27,0.13,1.125,20,1.75,3.375,6.5,8.32,0,65,65,1.6375,5.1100001335144,-23.902975054941
0.035,1.27,0.13,1.125,20,1.75,3.375,6.5,8.32,0,65,65,1.6375,5.1240000724792,-22.418765090014
0.035,1.27,0.13,1.125,20,1.75,3.75,5.375,8.32,0,65,65,1.6375,5.298999786377,-31.348073616526
0.035,1.27,0.13,1.125,20,1.75,3.75,5.375,8.32,0,65,65,1.6375,5.4180002212524,-33.640230770787
0.035,1.27,0.13,1.125,20,1.75,3.75,5.375,8.32,0,65,65,1.6375,5.4809999465942,-35.177914288828
0.035,1.27,0.13,1.125,20,1.75,3.75,5.375,8.32,0,65,65,1.6375,5.4949998855591,-47.252426754482
0.035,1.27,0.13,1.125,20,1.75,3.75,5.75,8.32,0,65,65,1.6375,5.25,-35.326186858978
0.035,1.27,0.13,1.125,20,1.75,3.75,5.75,8.32,0,65,65,1.6375,5.3270001411438,-34.068343574775
0.035,1.27,0.13,1.125,20,1.75,3.75,5.75,8.32,0,65,65,1.6375,5.3619999885559,-40.649966126482
0.035,1.27,0.13,1.125,20,1.75,3.75,5.75,8.32,0,65,65,1.6375,5.3829998970032,-38.637141292058
0.035,1.27,0.13,1.125,20,1.75,3.75,6.125,8.32,0,65,65,1.6375,5.1449999809265,-36.171540286151
0.035,1.27,0.13,1.125,20,1.75,3.75,6.125,8.32,0,65,65,1.6375,5.2220001220703,-30.694346855866
0.035,1.27,0.13,1.125,20,1.75,3.75,6.125,8.32,0,65,65,1.6375,5.2430000305176,-37.787863401188
0.035,1.27,0.13,1.125,20,1.75,3.75,6.125,8.32,0,65,65,1.6375,5.2569999694824,-29.7333015514
0.035,1.27,0.13,1.125,20,1.75,3.75,6.5,8.32,0,65,65,1.6375,5.0539999008179,-24.294083938507
0.035,1.27,0.13,1.125,20,1.75,3.75,6.5,8.32,0,65,65,1.6375,5.103000164032,-24.873304209595
0.035,1.27,0.13,1.125,20,1.75,3.75,6.5,8.32,0,65,65,1.6375,5.1170001029968,-24.640217424348
0.035,1.27,0.13,1.125,20,1.75,3.75,6.5,8.32,0,65,65,1.6375,5.1310000419617,-23.167168477863
0.035,1.27,0.13,1.125,20,1.75,4.125,5.375,8.32,0,65,65,1.6375,5.2849998474121,-47.964237603233
0.035,1.27,0.13,1.125,20,1.75,4.125,5.375,8.32,0,65,65,1.6375,5.4320001602173,-28.451809362474
0.035,1.27,0.13,1.125,20,1.75,4.125,5.375,8.32,0,65,65,1.6375,5.4879999160767,-22.196915917919
0.035,1.27,0.13,1.125,20,1.75,4.125,5.375,8.32,0,65,65,1.6375,5.5089998245239,-19.327364964213
0.035,1.27,0.13,1.125,20,1.75,4.125,5.75,8.32,0,65,65,1.6375,5.2360000610352,-53.672553393753
0.035,1.27,0.13,1.125,20,1.75,4.125,5.75,8.32,0,65,65,1.6375,5.3200001716614,-24.234706817497
0.035,1.27,0.13,1.125,20,1.75,4.125,5.75,8.32,0,65,65,1.6375,5.3689999580383,-21.77370859792
0.035,1.27,0.13,1.125,20,1.75,4.125,5.75,8.32,0,65,65,1.6375,5.396999835968,-24.096576189149
0.035,1.27,0.13,1.125,20,1.75,4.125,6.125,8.32,0,65,65,1.6375,5.1449999809265,-36.567503735038
0.035,1.27,0.13,1.125,20,1.75,4.125,6.125,8.32,0,65,65,1.6375,5.2080001831055,-26.267437954846
0.035,1.27,0.13,1.125,20,1.75,4.125,6.125,8.32,0,65,65,1.6375,5.2360000610352,-23.057299445213
0.035,1.27,0.13,1.125,20,1.75,4.125,6.125,8.32,0,65,65,1.6375,5.25,-19.740484958729
0.035,1.27,0.13,1.125,20,1.75,4.125,6.5,8.32,0,65,65,1.6375,5.0260000228882,-26.629059085597
0.035,1.27,0.13,1.125,20,1.75,4.125,6.5,8.32,0,65,65,1.6375,5.0960001945496,-23.357310980365
0.035,1.27,0.13,1.125,20,1.75,4.125,6.5,8.32,0,65,65,1.6375,5.1100001335144,-21.680148773781
0.035,1.27,0.13,1.125,20,1.75,4.125,6.5,8.32,0,65,65,1.6375,5.1240000724792,-19.523020879004
0.035,1.27,0.13,1.125,20,1.75,4.5,5.375,8.32,0,65,65,1.6375,5.298999786377,-37.587889575796
0.035,1.27,0.13,1.125,20,1.75,4.5,5.375,8.32,0,65,65,1.6375,5.4039998054504,-29.030721617144
0.035,1.27,0.13,1.125,20,1.75,4.5,5.375,8.32,0,65,65,1.6375,5.4530000686646,-26.565997481903
0.035,1.27,0.13,1.125,20,1.75,4.5,5.375,8.32,0,65,65,1.6375,5.4809999465942,-24.884570848905
0.035,1.27,0.13,1.125,20,1.75,4.5,5.75,8.32,0,65,65,1.6375,5.2290000915527,-30.150282471186
0.035,1.27,0.13,1.125,20,1.75,4.5,5.75,8.32,0,65,65,1.6375,5.3200001716614,-31.413352757482
0.035,1.27,0.13,1.125,20,1.75,4.5,5.75,8.32,0,65,65,1.6375,5.3480000495911,-27.863685716976
0.035,1.27,0.13,1.125,20,1.75,4.5,5.75,8.32,0,65,65,1.6375,5.3759999275208,-25.509615497264
0.035,1.27,0.13,1.125,20,1.75,4.5,6.125,8.32,0,65,65,1.6375,5.1310000419617,-23.666196107484
0.035,1.27,0.13,1.125,20,1.75,4.5,6.125,8.32,0,65,65,1.6375,5.2290000915527,-39.769068324368
0.035,1.27,0.13,1.125,20,1.75,4.5,6.125,8.32,0,65,65,1.6375,5.2430000305176,-30.916388189954
0.035,1.27,0.13,1.125,20,1.75,4.5,6.125,8.32,0,65,65,1.6375,5.25,-30.087703151381
0.035,1.27,0.13,1.125,20,1.75,4.5,6.5,8.32,0,65,65,1.6375,5.0329999923706,-17.972247563121
0.035,1.27,0.13,1.125,20,1.75,4.5,6.5,8.32,0,65,65,1.6375,5.103000164032,-20.480799388078
0.035,1.27,0.13,1.125,20,1.75,4.5,6.5,8.32,0,65,65,1.6375,5.1240000724792,-23.963506627964
0.035,1.27,0.13,1.125,20,1.75,4.5,6.5,8.32,0,65,65,1.6375,5.1240000724792,-26.906866093124
0.035,1.27,0.13,1.125,20,2.125,3.375,5.375,8.32,0,65,65,1.6375,5.313000202179,-30.972350123981
0.035,1.27,0.13,1.125,20,2.125,3.375,5.375,8.32,0,65,65,1.6375,5.4320001602173,-30.768164616832
0.035,1.27,0.13,1.125,20,2.125,3.375,5.375,8.32,0,65,65,1.6375,5.4809999465942,-29.842286257427
0.035,1.27,0.13,1.125,20,2.125,3.375,5.375,8.32,0,65,65,1.6375,5.5089998245239,-30.704088362606
0.035,1.27,0.13,1.125,20,2.125,3.375,5.75,8.32,0,65,65,1.6375,5.25,-39.002731951545
0.035,1.27,0.13,1.125,20,2.125,3.375,5.75,8.32,0,65,65,1.6375,5.3340001106262,-32.827426757314
0.035,1.27,0.13,1.125,20,2.125,3.375,5.75,8.32,0,65,65,1.6375,5.3689999580383,-34.689933269376
0.035,1.27,0.13,1.125,20,2.125,3.375,5.75,8.32,0,65,65,1.6375,5.3899998664856,-34.008469431398
0.035,1.27,0.13,1.125,20,2.125,3.375,6.125,8.32,0,65,65,1.6375,5.1380000114441,-34.082336521006
0.035,1.27,0.13,1.125,20,2.125,3.375,6.125,8.32,0,65,65,1.6375,5.2150001525879,-34.098492347382
0.035,1.27,0.13,1.125,20,2.125,3.375,6.125,8.32,0,65,65,1.6375,5.2360000610352,-33.581815311488
0.035,1.27,0.13,1.125,20,2.125,3.375,6.125,8.32,0,65,65,1.6375,5.2569999694824,-30.95016463707
0.035,1.27,0.13,1.125,20,2.125,3.375,6.5,8.32,0,65,65,1.6375,5.0329999923706,-25.83304785513
0.035,1.27,0.13,1.125,20,2.125,3.375,6.5,8.32,0,65,65,1.6375,5.1100001335144,-23.451391783384
0.035,1.27,0.13,1.125,20,2.125,3.375,6.5,8.32,0,65,65,1.6375,5.1170001029968,-24.03629285651
0.035,1.27,0.13,1.125,20,2.125,3.375,6.5,8.32,0,65,65,1.6375,5.1240000724792,-23.773346761692
0.035,1.27,0.13,1.125,20,2.125,3.75,5.375,8.32,0,65,65,1.6375,5.3060002326965,-31.257158720034
0.035,1.27,0.13,1.125,20,2.125,3.75,5.375,8.32,0,65,65,1.6375,5.4250001907349,-36.348714569555
0.035,1.27,0.13,1.125,20,2.125,3.75,5.375,8.32,0,65,65,1.6375,5.4879999160767,-34.617487024239
0.035,1.27,0.13,1.125,20,2.125,3.75,5.375,8.32,0,65,65,1.6375,5.5089998245239,-27.676531695222
0.035,1.27,0.13,1.125,20,2.125,3.75,5.75,8.32,0,65,65,1.6375,5.2569999694824,-39.315110418153
0.035,1.27,0.13,1.125,20,2.125,3.75,5.75,8.32,0,65,65,1.6375,5.3340001106262,-34.635600402964
0.035,1.27,0.13,1.125,20,2.125,3.75,5.75,8.32,0,65,65,1.6375,5.3689999580383,-37.372040472701
0.035,1.27,0.13,1.125,20,2.125,3.75,5.75,8.32,0,65,65,1.6375,5.3899998664856,-35.703947145204
0.035,1.27,0.13,1.125,20,2.125,3.75,6.125,8.32,0,65,65,1.6375,5.1449999809265,-37.472477359413
0.035,1.27,0.13,1.125,20,2.125,3.75,6.125,8.32,0,65,65,1.6375,5.2220001220703,-36.143655227498
0.035,1.27,0.13,1.125,20,2.125,3.75,6.125,8.32,0,65,65,1.6375,5.25,-37.558488577647
0.035,1.27,0.13,1.125,20,2.125,3.75,6.125,8.32,0,65,65,1.6375,5.2569999694824,-31.315168374881
0.035,1.27,0.13,1.125,20,2.125,3.75,6.5,8.32,0,65,65,1.6375,5.0539999008179,-26.064582134455
0.035,1.27,0.13,1.125,20,2.125,3.75,6.5,8.32,0,65,65,1.6375,5.103000164032,-24.391614753277
0.035,1.27,0.13,1.125,20,2.125,3.75,6.5,8.32,0,65,65,1.6375,5.1240000724792,-24.952880530485
0.035,1.27,0.13,1.125,20,2.125,3.75,6.5,8.32,0,65,65,1.6375,5.1310000419617,-23.803335197089
0.035,1.27,0.13,1.125,20,2.125,4.125,5.375,8.32,0,65,65,1.6375,5.313000202179,-27.21877200313
0.035,1.27,0.13,1.125,20,2.125,4.125,5.375,8.32,0,65,65,1.6375,5.4250001907349,-23.801970189373
0.035,1.27,0.13,1.125,20,2.125,4.125,5.375,8.32,0,65,65,1.6375,5.4809999465942,-21.813053102717
0.035,1.27,0.13,1.125,20,2.125,4.125,5.375,8.32,0,65,65,1.6375,5.4949998855591,-20.973350850598
0.035,1.27,0.13,1.125,20,2.125,4.125,5.75,8.32,0,65,65,1.6375,5.2430000305176,-24.117285610357
0.035,1.27,0.13,1.125,20,2.125,4.125,5.75,8.32,0,65,65,1.6375,5.3480000495911,-27.615140153803
0.035,1.27,0.13,1.125,20,2.125,4.125,5.75,8.32,0,65,65,1.6375,5.3689999580383,-21.186223161091
0.035,1.27,0.13,1.125,20,2.125,4.125,5.75,8.32,0,65,65,1.6375,5.3899998664856,-20.895522741581
0.035,1.27,0.13,1.125,20,2.125,4.125,6.125,8.32,0,65,65,1.6375,5.1449999809265,-30.065605923234
0.035,1.27,0.13,1.125,20,2.125,4.125,6.125,8.32,0,65,65,1.6375,5.2290000915527,-19.950421530439
0.035,1.27,0.13,1.125,20,2.125,4.125,6.125,8.32,0,65,65,1.6375,5.2569999694824,-21.965555449732
0.035,1.27,0.13,1.125,20,2.125,4.125,6.125,8.32,0,65,65,1.6375,5.2709999084473,-22.022795939077
0.035,1.27,0.13,1.125,20,2.125,4.125,6.5,8.32,0,65,65,1.6375,5.0260000228882,-25.806892098272
0.035,1.27,0.13,1.125,20,2.125,4.125,6.5,8.32,0,65,65,1.6375,5.103000164032,-22.263034555722
0.035,1.27,0.13,1.125,20,2.125,4.125,6.5,8.32,0,65,65,1.6375,5.1170001029968,-20.276131272024
0.035,1.27,0.13,1.125,20,2.125,4.125,6.5,8.32,0,65,65,1.6375,5.1310000419617,-15.92190692958
0.035,1.27,0.13,1.125,20,2.125,4.5,5.375,8.32,0,65,65,1.6375,5.313000202179,-33.417006842215
0.035,1.27,0.13,1.125,20,2.125,4.5,5.375,8.32,0,65,65,1.6375,5.4109997749329,-27.489293412986
0.035,1.27,0.13,1.125,20,2.125,4.5,5.375,8.32,0,65,65,1.6375,5.4670000076294,-25.521311829764
0.035,1.27,0.13,1.125,20,2.125,4.5,5.375,8.32,0,65,65,1.6375,5.4809999465942,-24.434919855546
0.035,1.27,0.13,1.125,20,2.125,4.5,5.75,8.32,0,65,65,1.6375,5.2360000610352,-46.358385457584
0.035,1.27,0.13,1.125,20,2.125,4.5,5.75,8.32,0,65,65,1.6375,5.3200001716614,-29.880732589987
0.035,1.27,0.13,1.125,20,2.125,4.5,5.75,8.32,0,65,65,1.6375,5.3550000190735,-26.730104301062
0.035,1.27,0.13,1.125,20,2.125,4.5,5.75,8.32,0,65,65,1.6375,5.3829998970032,-25.878356717031
0.035,1.27,0.13,1.125,20,2.125,4.5,6.125,8.32,0,65,65,1.6375,5.1380000114441,-32.167267253634
0.035,1.27,0.13,1.125,20,2.125,4.5,6.125,8.32,0,65,65,1.6375,5.2290000915527,-33.439971843715
0.035,1.27,0.13,1.125,20,2.125,4.5,6.125,8.32,0,65,65,1.6375,5.25,-31.595556371043
0.035,1.27,0.13,1.125,20,2.125,4.5,6.125,8.32,0,65,65,1.6375,5.2569999694824,-27.573106897011
0.035,1.27,0.13,1.125,20,2.125,4.5,6.5,8.32,0,65,65,1.6375,5.0329999923706,-21.156600474257
0.035,1.27,0.13,1.125,20,2.125,4.5,6.5,8.32,0,65,65,1.6375,5.103000164032,-27.392472833404
0.035,1.27,0.13,1.125,20,2.125,4.5,6.5,8.32,0,65,65,1.6375,5.1240000724792,-32.529059971547
0.035,1.27,0.13,1.125,20,2.125,4.5,6.5,8.32,0,65,65,1.6375,5.1310000419617,-31.904923912576
0.035,1.27,0.13,1.125,20,2.5,3.375,5.375,8.32,0,65,65,1.6375,5.313000202179,-31.20392159361
0.035,1.27,0.13,1.125,20,2.5,3.375,5.375,8.32,0,65,65,1.6375,5.4320001602173,-31.005576982682
0.035,1.27,0.13,1.125,20,2.5,3.375,5.375,8.32,0,65,65,1.6375,5.4809999465942,-30.618382363549
0.035,1.27,0.13,1.125,20,2.5,3.375,5.375,8.32,0,65,65,1.6375,5.5089998245239,-31.50624734125
0.035,1.27,0.13,1.125,20,2.5,3.375,5.75,8.32,0,65,65,1.6375,5.25,-41.025460247757
0.035,1.27,0.13,1.125,20,2.5,3.375,5.75,8.32,0,65,65,1.6375,5.3410000801086,-33.770207675397
0.035,1.27,0.13,1.125,20,2.5,3.375,5.75,8.32,0,65,65,1.6375,5.3689999580383,-34.798543100342
0.035,1.27,0.13,1.125,20,2.5,3.375,5.75,8.32,0,65,65,1.6375,5.3899998664856,-34.726036653347
0.035,1.27,0.13,1.125,20,2.5,3.375,6.125,8.32,0,65,65,1.6375,5.1449999809265,-32.129492666461
0.035,1.27,0.13,1.125,20,2.5,3.375,6.125,8.32,0,65,65,1.6375,5.2220001220703,-31.302768461557
0.035,1.27,0.13,1.125,20,2.5,3.375,6.125,8.32,0,65,65,1.6375,5.2360000610352,-31.817439271121
0.035,1.27,0.13,1.125,20,2.5,3.375,6.125,8.32,0,65,65,1.6375,5.2569999694824,-30.411924468236
0.035,1.27,0.13,1.125,20,2.5,3.375,6.5,8.32,0,65,65,1.6375,5.039999961853,-25.79348103214
0.035,1.27,0.13,1.125,20,2.5,3.375,6.5,8.32,0,65,65,1.6375,5.1100001335144,-24.10244036517
0.035,1.27,0.13,1.125,20,2.5,3.375,6.5,8.32,0,65,65,1.6375,5.1170001029968,-24.058241412104
0.035,1.27,0.13,1.125,20,2.5,3.375,6.5,8.32,0,65,65,1.6375,5.1240000724792,-22.9978325519
0.035,1.27,0.13,1.125,20,2.5,3.75,5.375,8.32,0,65,65,1.6375,5.313000202179,-32.666065202852
0.035,1.27,0.13,1.125,20,2.5,3.75,5.375,8.32,0,65,65,1.6375,5.4320001602173,-37.432619882547
0.035,1.27,0.13,1.125,20,2.5,3.75,5.375,8.32,0,65,65,1.6375,5.5229997634888,-33.046283126592
0.035,1.27,0.13,1.125,20,2.5,3.75,5.375,8.32,0,65,65,1.6375,5.5229997634888,-15.671617005613
0.035,1.27,0.13,1.125,20,2.5,3.75,5.75,8.32,0,65,65,1.6375,5.2639999389648,-36.378213893084
0.035,1.27,0.13,1.125,20,2.5,3.75,5.75,8.32,0,65,65,1.6375,5.3340001106262,-43.167845017316
0.035,1.27,0.13,1.125,20,2.5,3.75,5.75,8.32,0,65,65,1.6375,5.3759999275208,-32.053096098187
0.035,1.27,0.13,1.125,20,2.5,3.75,5.75,8.32,0,65,65,1.6375,5.4180002212524,-22.150109071462
0.035,1.27,0.13,1.125,20,2.5,3.75,6.125,8.32,0,65,65,1.6375,5.1519999504089,-37.013471250157
0.035,1.27,0.13,1.125,20,2.5,3.75,6.125,8.32,0,65,65,1.6375,5.2220001220703,-30.853788925282
0.035,1.27,0.13,1.125,20,2.5,3.75,6.125,8.32,0,65,65,1.6375,5.25,-34.001167316639
0.035,1.27,0.13,1.125,20,2.5,3.75,6.125,8.32,0,65,65,1.6375,5.2569999694824,-27.31331808652
0.035,1.27,0.13,1.125,20,2.5,3.75,6.5,8.32,0,65,65,1.6375,5.0539999008179,-25.714591219415
0.035,1.27,0.13,1.125,20,2.5,3.75,6.5,8.32,0,65,65,1.6375,5.1100001335144,-26.000208470796
0.035,1.27,0.13,1.125,20,2.5,3.75,6.5,8.32,0,65,65,1.6375,5.1240000724792,-25.099397564935
0.035,1.27,0.13,1.125,20,2.5,3.75,6.5,8.32,0,65,65,1.6375,5.1310000419617,-23.712958629709
0.035,1.27,0.13,1.125,20,2.5,4.125,5.375,8.32,0,65,65,1.6375,5.313000202179,-31.497656308343
0.035,1.27,0.13,1.125,20,2.5,4.125,5.375,8.32,0,65,65,1.6375,5.4250001907349,-24.400090747138
0.035,1.27,0.13,1.125,20,2.5,4.125,5.375,8.32,0,65,65,1.6375,5.4739999771118,-23.640063554255
0.035,1.27,0.13,1.125,20,2.5,4.125,5.375,8.32,0,65,65,1.6375,5.4949998855591,-22.804551116146
0.035,1.27,0.13,1.125,20,2.5,4.125,5.75,8.32,0,65,65,1.6375,5.2569999694824,-50.45557692762
0.035,1.27,0.13,1.125,20,2.5,4.125,5.75,8.32,0,65,65,1.6375,5.3410000801086,-25.01728260885
0.035,1.27,0.13,1.125,20,2.5,4.125,5.75,8.32,0,65,65,1.6375,5.3689999580383,-23.719894751958
0.035,1.27,0.13,1.125,20,2.5,4.125,5.75,8.32,0,65,65,1.6375,5.3899998664856,-23.764777570231
0.035,1.27,0.13,1.125,20,2.5,4.125,6.125,8.32,0,65,65,1.6375,5.1449999809265,-21.96403819348
0.035,1.27,0.13,1.125,20,2.5,4.125,6.125,8.32,0,65,65,1.6375,5.2360000610352,-30.816858444479
0.035,1.27,0.13,1.125,20,2.5,4.125,6.125,8.32,0,65,65,1.6375,5.2430000305176,-25.296144754009
0.035,1.27,0.13,1.125,20,2.5,4.125,6.125,8.32,0,65,65,1.6375,5.2639999389648,-23.798278711325
0.035,1.27,0.13,1.125,20,2.5,4.125,6.5,8.32,0,65,65,1.6375,5.0329999923706,-24.207033707656
0.035,1.27,0.13,1.125,20,2.5,4.125,6.5,8.32,0,65,65,1.6375,5.103000164032,-19.330410867633
0.035,1.27,0.13,1.125,20,2.5,4.125,6.5,8.32,0,65,65,1.6375,5.1380000114441,-24.557355921064
0.035,1.27,0.13,1.125,20,2.5,4.125,6.5,8.32,0,65,65,1.6375,5.1380000114441,-31.906457743916
0.035,1.27,0.13,1.125,20,2.5,4.5,5.375,8.32,0,65,65,1.6375,5.298999786377,-30.118483844745
0.035,1.27,0.13,1.125,20,2.5,4.5,5.375,8.32,0,65,65,1.6375,5.4109997749329,-26.988684754443
0.035,1.27,0.13,1.125,20,2.5,4.5,5.375,8.32,0,65,65,1.6375,5.460000038147,-25.635453272021
0.035,1.27,0.13,1.125,20,2.5,4.5,5.375,8.32,0,65,65,1.6375,5.4879999160767,-24.838946603533
0.035,1.27,0.13,1.125,20,2.5,4.5,5.75,8.32,0,65,65,1.6375,5.2360000610352,-35.280611165001
0.035,1.27,0.13,1.125,20,2.5,4.5,5.75,8.32,0,65,65,1.6375,5.3340001106262,-28.887472237622
0.035,1.27,0.13,1.125,20,2.5,4.5,5.75,8.32,0,65,65,1.6375,5.3619999885559,-26.751657298083
0.035,1.27,0.13,1.125,20,2.5,4.5,5.75,8.32,0,65,65,1.6375,5.3829998970032,-26.323219250875
0.035,1.27,0.13,1.125,20,2.5,4.5,6.125,8.32,0,65,65,1.6375,5.1380000114441,-42.533575411721
0.035,1.27,0.13,1.125,20,2.5,4.5,6.125,8.32,0,65,65,1.6375,5.2290000915527,-35.341614305172
0.035,1.27,0.13,1.125,20,2.5,4.5,6.125,8.32,0,65,65,1.6375,5.2430000305176,-29.75495646492
0.035,1.27,0.13,1.125,20,2.5,4.5,6.125,8.32,0,65,65,1.6375,5.2569999694824,-28.860040658912
0.035,1.27,0.13,1.125,20,2.5,4.5,6.5,8.32,0,65,65,1.6375,5.0329999923706,-24.932250105375
0.035,1.27,0.13,1.125,20,2.5,4.5,6.5,8.32,0,65,65,1.6375,5.103000164032,-29.849815210078
0.035,1.27,0.13,1.125,20,2.5,4.5,6.5,8.32,0,65,65,1.6375,5.1240000724792,-29.434234815685
0.035,1.27,0.13,1.125,20,2.5,4.5,6.5,8.32,0,65,65,1.6375,5.1310000419617,-38.584699122876
0.035,1.27,0.13,1.125,20,1.375,3.375,5.375,8.6,0,65,65,1.6375,5.186999797821,-30.702163817982
0.035,1.27,0.13,1.125,20,1.375,3.375,6.5,8.6,0,65,65,1.6375,5.0120000839233,-25.675662756124
0.035,1.27,0.13,1.125,20,1.375,3.375,6.5,8.6,0,65,65,1.6375,5.0329999923706,-25.353676681279
0.035,1.27,0.13,1.125,20,1.375,3.375,6.5,8.6,0,65,65,1.6375,5.039999961853,-25.773823274474
0.035,1.27,0.13,1.125,20,1.375,3.75,5.375,8.6,0,65,65,1.6375,5.1799998283386,-29.258310738017
0.035,1.27,0.13,1.125,20,1.375,3.75,5.375,8.6,0,65,65,1.6375,5.3060002326965,-29.001514916622
0.035,1.27,0.13,1.125,20,1.375,3.75,5.375,8.6,0,65,65,1.6375,5.3550000190735,-28.338670882517
0.035,1.27,0.13,1.125,20,1.375,3.75,5.375,8.6,0,65,65,1.6375,5.3899998664856,-29.471421897254
0.035,1.27,0.13,1.125,20,1.375,3.75,5.75,8.6,0,65,65,1.6375,5.1240000724792,-35.46930615081
0.035,1.27,0.13,1.125,20,1.375,3.75,5.75,8.6,0,65,65,1.6375,5.2150001525879,-32.329566543392
0.035,1.27,0.13,1.125,20,1.375,3.75,5.75,8.6,0,65,65,1.6375,5.2569999694824,-31.721963448832
0.035,1.27,0.13,1.125,20,1.375,3.75,5.75,8.6,0,65,65,1.6375,5.2779998779297,-32.456627098519
0.035,1.27,0.13,1.125,20,1.375,3.75,6.125,8.6,0,65,65,1.6375,5.0469999313354,-40.660103374804
0.035,1.27,0.13,1.125,20,1.375,3.75,6.125,8.6,0,65,65,1.6375,5.1170001029968,-43.943045888586
0.035,1.27,0.13,1.125,20,1.375,3.75,6.125,8.6,0,65,65,1.6375,5.1449999809265,-34.916436437702
0.035,1.27,0.13,1.125,20,1.375,3.75,6.125,8.6,0,65,65,1.6375,5.1659998893738,-38.781302309868
0.035,1.27,0.13,1.125,20,1.375,3.75,6.5,8.6,0,65,65,1.6375,4.9489998817444,-26.733606936582
0.035,1.27,0.13,1.125,20,1.375,3.75,6.5,8.6,0,65,65,1.6375,5.0260000228882,-25.440891730933
0.035,1.27,0.13,1.125,20,1.375,3.375,5.375,8.6,0,65,65,1.6375,5.3060002326965,-27.917147918361
0.035,1.27,0.13,1.125,20,1.375,3.375,5.375,8.6,0,65,65,1.6375,5.3550000190735,-26.479572434957
0.035,1.27,0.13,1.125,20,1.375,3.375,5.375,8.6,0,65,65,1.6375,5.396999835968,-26.652833781006
0.035,1.27,0.13,1.125,20,1.375,3.375,5.75,8.6,0,65,65,1.6375,5.1170001029968,-39.66699007712
0.035,1.27,0.13,1.125,20,1.375,3.375,5.75,8.6,0,65,65,1.6375,5.2150001525879,-31.232241168684
0.035,1.27,0.13,1.125,20,1.375,3.375,5.75,8.6,0,65,65,1.6375,5.2639999389648,-29.923325839167
0.035,1.27,0.13,1.125,20,1.375,3.375,5.75,8.6,0,65,65,1.6375,5.2779998779297,-28.624448019544
0.035,1.27,0.13,1.125,20,1.375,3.375,6.125,8.6,0,65,65,1.6375,5.0469999313354,-33.647878552236
0.035,1.27,0.13,1.125,20,1.375,3.375,6.125,8.6,0,65,65,1.6375,5.1170001029968,-36.76749948987
0.035,1.27,0.13,1.125,20,1.375,3.375,6.125,8.6,0,65,65,1.6375,5.1380000114441,-43.617157286841
0.035,1.27,0.13,1.125,20,1.375,3.375,6.125,8.6,0,65,65,1.6375,5.1729998588562,-33.779911674143
0.035,1.27,0.13,1.125,20,1.375,3.75,6.5,8.6,0,65,65,1.6375,5.0329999923706,-27.230753439763
0.035,1.27,0.13,1.125,20,1.375,3.75,6.5,8.6,0,65,65,1.6375,5.0469999313354,-26.611285843258
0.035,1.27,0.13,1.125,20,1.375,4.125,5.375,8.6,0,65,65,1.6375,5.1519999504089,-28.129623295369
0.035,1.27,0.13,1.125,20,1.375,4.125,5.375,8.6,0,65,65,1.6375,5.2779998779297,-33.925126347783
0.035,1.27,0.13,1.125,20,1.375,4.125,5.375,8.6,0,65,65,1.6375,5.3410000801086,-34.534336970501
0.035,1.27,0.13,1.125,20,1.375,4.125,5.375,8.6,0,65,65,1.6375,5.3899998664856,-22.646759917621
0.035,1.27,0.13,1.125,20,1.375,4.125,5.75,8.6,0,65,65,1.6375,5.103000164032,-31.243295645447
0.035,1.27,0.13,1.125,20,1.375,4.125,5.75,8.6,0,65,65,1.6375,5.2080001831055,-33.656017597605
0.035,1.27,0.13,1.125,20,1.375,4.125,5.75,8.6,0,65,65,1.6375,5.2569999694824,-33.112259320211
0.035,1.27,0.13,1.125,20,1.375,4.125,5.75,8.6,0,65,65,1.6375,5.2709999084473,-29.762300714556
0.035,1.27,0.13,1.125,20,1.375,4.125,6.125,8.6,0,65,65,1.6375,5.0469999313354,-39.084652624762
0.035,1.27,0.13,1.125,20,1.375,4.125,6.125,8.6,0,65,65,1.6375,5.1170001029968,-38.455374208948
0.035,1.27,0.13,1.125,20,1.375,4.125,6.125,8.6,0,65,65,1.6375,5.1380000114441,-32.086446026244
0.035,1.27,0.13,1.125,20,1.375,4.125,6.125,8.6,0,65,65,1.6375,5.1729998588562,-29.321704768341
0.035,1.27,0.13,1.125,20,1.375,4.125,6.5,8.6,0,65,65,1.6375,4.9349999427795,-27.6751814028
0.035,1.27,0.13,1.125,20,1.375,4.125,6.5,8.6,0,65,65,1.6375,5.0120000839233,-27.695285903813
0.035,1.27,0.13,1.125,20,1.375,4.125,6.5,8.6,0,65,65,1.6375,5.0260000228882,-26.32616612833
0.035,1.27,0.13,1.125,20,1.375,4.125,6.5,8.6,0,65,65,1.6375,5.039999961853,-23.883382795574
0.035,1.27,0.13,1.125,20,1.375,4.5,5.375,8.6,0,65,65,1.6375,5.1449999809265,-23.386365729782
0.035,1.27,0.13,1.125,20,1.375,4.5,5.375,8.6,0,65,65,1.6375,5.2849998474121,-55.057911786697
0.035,1.27,0.13,1.125,20,1.375,4.5,5.375,8.6,0,65,65,1.6375,5.3340001106262,-26.959986489602
0.035,1.27,0.13,1.125,20,1.375,4.5,5.375,8.6,0,65,65,1.6375,5.3829998970032,-22.932014403628
0.035,1.27,0.13,1.125,20,1.375,4.5,5.75,8.6,0,65,65,1.6375,5.0749998092651,-22.961102357553
0.035,1.27,0.13,1.125,20,1.375,4.5,5.75,8.6,0,65,65,1.6375,5.201000213623,-24.988580383389
0.035,1.27,0.13,1.125,20,1.375,4.5,5.75,8.6,0,65,65,1.6375,5.2569999694824,-32.478817931557
0.035,1.27,0.13,1.125,20,1.375,4.5,5.75,8.6,0,65,65,1.6375,5.2779998779297,-25.049536549229
0.035,1.27,0.13,1.125,20,1.375,4.5,6.125,8.6,0,65,65,1.6375,5.0260000228882,-23.426960741492
0.035,1.27,0.13,1.125,20,1.375,4.5,6.125,8.6,0,65,65,1.6375,5.1170001029968,-18.995657763397
0.035,1.27,0.13,1.125,20,1.375,4.5,6.125,8.6,0,65,65,1.6375,5.1449999809265,-20.860620818896
0.035,1.27,0.13,1.125,20,1.375,4.5,6.125,8.6,0,65,65,1.6375,5.1799998283386,-27.304733599773
0.035,1.27,0.13,1.125,20,1.375,4.5,6.5,8.6,0,65,65,1.6375,4.9279999732971,-29.202987686176
0.035,1.27,0.13,1.125,20,1.375,4.5,6.5,8.6,0,65,65,1.6375,5.0050001144409,-20.363028799747
0.035,1.27,0.13,1.125,20,1.375,4.5,6.5,8.6,0,65,65,1.6375,5.0190000534058,-17.351234612863
0.035,1.27,0.13,1.125,20,1.375,4.5,6.5,8.6,0,65,65,1.6375,5.039999961853,-15.140144588432
0.035,1.27,0.13,1.125,20,1.75,3.375,5.375,8.6,0,65,65,1.6375,5.186999797821,-29.120805680395
0.035,1.27,0.13,1.125,20,1.75,3.375,5.375,8.6,0,65,65,1.6375,5.313000202179,-27.279870755218
0.035,1.27,0.13,1.125,20,1.75,3.375,5.375,8.6,0,65,65,1.6375,5.3619999885559,-25.785703433718
0.035,1.27,0.13,1.125,20,1.75,3.375,5.375,8.6,0,65,65,1.6375,5.4039998054504,-26.062824881869
0.035,1.27,0.13,1.125,20,1.75,3.375,5.75,8.6,0,65,65,1.6375,5.1170001029968,-36.069230047133
0.035,1.27,0.13,1.125,20,1.75,3.375,5.75,8.6,0,65,65,1.6375,5.2290000915527,-30.534506741432
0.035,1.27,0.13,1.125,20,1.75,3.375,5.75,8.6,0,65,65,1.6375,5.2639999389648,-29.048003039838
0.035,1.27,0.13,1.125,20,1.75,3.375,5.75,8.6,0,65,65,1.6375,5.2849998474121,-28.468387188561
0.035,1.27,0.13,1.125,20,1.75,3.375,6.125,8.6,0,65,65,1.6375,5.0469999313354,-38.593738651296
0.035,1.27,0.13,1.125,20,1.75,3.375,6.125,8.6,0,65,65,1.6375,5.1170001029968,-40.540030118109
0.035,1.27,0.13,1.125,20,1.75,3.375,6.125,8.6,0,65,65,1.6375,5.1449999809265,-34.128555050338
0.035,1.27,0.13,1.125,20,1.75,3.375,6.125,8.6,0,65,65,1.6375,5.1729998588562,-41.625611634321
0.035,1.27,0.13,1.125,20,1.75,3.375,6.5,8.6,0,65,65,1.6375,4.9559998512268,-26.847148777376
0.035,1.27,0.13,1.125,20,1.75,3.375,6.5,8.6,0,65,65,1.6375,5.0190000534058,-26.161963686662
0.035,1.27,0.13,1.125,20,1.75,3.375,6.5,8.6,0,65,65,1.6375,5.0329999923706,-25.344246613784
0.035,1.27,0.13,1.125,20,1.75,3.375,6.5,8.6,0,65,65,1.6375,5.0469999313354,-26.823443089661
0.035,1.27,0.13,1.125,20,1.75,3.75,5.375,8.6,0,65,65,1.6375,5.186999797821,-29.124360108947
0.035,1.27,0.13,1.125,20,1.75,3.75,5.375,8.6,0,65,65,1.6375,5.313000202179,-28.778121481644
0.035,1.27,0.13,1.125,20,1.75,3.75,5.375,8.6,0,65,65,1.6375,5.3619999885559,-29.236045056246
0.035,1.27,0.13,1.125,20,1.75,3.75,5.375,8.6,0,65,65,1.6375,5.4039998054504,-32.160487939298
0.035,1.27,0.13,1.125,20,1.75,3.75,5.75,8.6,0,65,65,1.6375,5.1310000419617,-34.17351932793
0.035,1.27,0.13,1.125,20,1.75,3.75,5.75,8.6,0,65,65,1.6375,5.2220001220703,-31.377258107281
0.035,1.27,0.13,1.125,20,1.75,3.75,5.75,8.6,0,65,65,1.6375,5.2639999389648,-31.735783805138
0.035,1.27,0.13,1.125,20,1.75,3.75,5.75,8.6,0,65,65,1.6375,5.2919998168945,-32.981216988225
0.035,1.27,0.13,1.125,20,1.75,3.75,6.125,8.6,0,65,65,1.6375,5.0539999008179,-38.275315150288
0.035,1.27,0.13,1.125,20,1.75,3.75,6.125,8.6,0,65,65,1.6375,5.1170001029968,-39.128337768932
0.035,1.27,0.13,1.125,20,1.75,3.75,6.125,8.6,0,65,65,1.6375,5.1519999504089,-40.784330277207
0.035,1.27,0.13,1.125,20,1.75,3.75,6.125,8.6,0,65,65,1.6375,5.1729998588562,-41.111965292368
0.035,1.27,0.13,1.125,20,1.75,3.75,6.5,8.6,0,65,65,1.6375,4.9559998512268,-26.269583141135
0.035,1.27,0.13,1.125,20,1.75,3.75,6.5,8.6,0,65,65,1.6375,5.0260000228882,-26.696721347725
0.035,1.27,0.13,1.125,20,1.75,3.75,6.5,8.6,0,65,65,1.6375,5.039999961853,-26.428623115632
0.035,1.27,0.13,1.125,20,1.75,3.75,6.5,8.6,0,65,65,1.6375,5.0539999008179,-26.500824834615
0.035,1.27,0.13,1.125,20,1.75,4.125,5.375,8.6,0,65,65,1.6375,5.1659998893738,-29.783391680278
0.035,1.27,0.13,1.125,20,1.75,4.125,5.375,8.6,0,65,65,1.6375,5.2849998474121,-37.125780016976
0.035,1.27,0.13,1.125,20,1.75,4.125,5.375,8.6,0,65,65,1.6375,5.3829998970032,-25.251066242754
0.035,1.27,0.13,1.125,20,1.75,4.125,5.375,8.6,0,65,65,1.6375,5.4250001907349,-18.420469588924
0.035,1.27,0.13,1.125,20,1.75,4.125,5.75,8.6,0,65,65,1.6375,5.1100001335144,-32.770956380848
0.035,1.27,0.13,1.125,20,1.75,4.125,5.75,8.6,0,65,65,1.6375,5.2080001831055,-39.018408285855
0.035,1.27,0.13,1.125,20,1.75,4.125,5.75,8.6,0,65,65,1.6375,5.2639999389648,-26.026540041691
0.035,1.27,0.13,1.125,20,1.75,4.125,5.75,8.6,0,65,65,1.6375,5.2919998168945,-19.781385799911
0.035,1.27,0.13,1.125,20,1.75,4.125,6.125,8.6,0,65,65,1.6375,5.0469999313354,-35.250214289409
0.035,1.27,0.13,1.125,20,1.75,4.125,6.125,8.6,0,65,65,1.6375,5.1170001029968,-35.467458887597
0.035,1.27,0.13,1.125,20,1.75,4.125,6.125,8.6,0,65,65,1.6375,5.1449999809265,-31.19287259329
0.035,1.27,0.13,1.125,20,1.75,4.125,6.125,8.6,0,65,65,1.6375,5.1729998588562,-24.200583488029
0.035,1.27,0.13,1.125,20,1.75,4.125,6.5,8.6,0,65,65,1.6375,4.9489998817444,-27.148222033831
0.035,1.27,0.13,1.125,20,1.75,4.125,6.5,8.6,0,65,65,1.6375,5.0120000839233,-28.186959108671
0.035,1.27,0.13,1.125,20,1.75,4.125,6.5,8.6,0,65,65,1.6375,5.0329999923706,-26.21057729695
0.035,1.27,0.13,1.125,20,1.75,4.125,6.5,8.6,0,65,65,1.6375,5.0469999313354,-23.778436377047
0.035,1.27,0.13,1.125,20,1.75,4.5,5.375,8.6,0,65,65,1.6375,5.1799998283386,-33.123485359461
0.035,1.27,0.13,1.125,20,1.75,4.5,5.375,8.6,0,65,65,1.6375,5.2919998168945,-26.940141207511
0.035,1.27,0.13,1.125,20,1.75,4.5,5.375,8.6,0,65,65,1.6375,5.3410000801086,-23.160043871036
0.035,1.27,0.13,1.125,20,1.75,4.5,5.375,8.6,0,65,65,1.6375,5.3899998664856,-22.093685766418
0.035,1.27,0.13,1.125,20,1.75,4.5,5.75,8.6,0,65,65,1.6375,5.1100001335144,-25.339631749265
0.035,1.27,0.13,1.125,20,1.75,4.5,5.75,8.6,0,65,65,1.6375,5.2150001525879,-30.547368722824
0.035,1.27,0.13,1.125,20,1.75,4.5,5.75,8.6,0,65,65,1.6375,5.2639999389648,-25.037016405995
0.035,1.27,0.13,1.125,20,1.75,4.5,5.75,8.6,0,65,65,1.6375,5.2779998779297,-22.506015560459
0.035,1.27,0.13,1.125,20,1.75,4.5,6.125,8.6,0,65,65,1.6375,5.0469999313354,-20.861946659138
0.035,1.27,0.13,1.125,20,1.75,4.5,6.125,8.6,0,65,65,1.6375,5.1310000419617,-31.700310282968
0.035,1.27,0.13,1.125,20,1.75,4.5,6.125,8.6,0,65,65,1.6375,5.1519999504089,-31.683212979143
0.035,1.27,0.13,1.125,20,1.75,4.5,6.125,8.6,0,65,65,1.6375,5.1729998588562,-27.017376695437
0.035,1.27,0.13,1.125,20,1.75,4.5,6.5,8.6,0,65,65,1.6375,4.9279999732971,-21.948096082187
0.035,1.27,0.13,1.125,20,1.75,4.5,6.5,8.6,0,65,65,1.6375,5.0190000534058,-17.623504463839
0.035,1.27,0.13,1.125,20,1.75,4.5,6.5,8.6,0,65,65,1.6375,5.039999961853,-19.426394136263
0.035,1.27,0.13,1.125,20,1.75,4.5,6.5,8.6,0,65,65,1.6375,5.0539999008179,-26.32880762506
0.035,1.27,0.13,1.125,20,2.125,3.375,5.375,8.6,0,65,65,1.6375,5.1939997673035,-28.904724657921
0.035,1.27,0.13,1.125,20,2.125,3.375,5.375,8.6,0,65,65,1.6375,5.3200001716614,-27.120101543975
0.035,1.27,0.13,1.125,20,2.125,3.375,5.375,8.6,0,65,65,1.6375,5.3619999885559,-25.891569445861
0.035,1.27,0.13,1.125,20,2.125,3.375,5.375,8.6,0,65,65,1.6375,5.4180002212524,-25.895562862419
0.035,1.27,0.13,1.125,20,2.125,3.375,5.75,8.6,0,65,65,1.6375,5.1240000724792,-35.0547250031
0.035,1.27,0.13,1.125,20,2.125,3.375,5.75,8.6,0,65,65,1.6375,5.2290000915527,-30.22212852253
0.035,1.27,0.13,1.125,20,2.125,3.375,5.75,8.6,0,65,65,1.6375,5.2709999084473,-29.210237362859
0.035,1.27,0.13,1.125,20,2.125,3.375,5.75,8.6,0,65,65,1.6375,5.2919998168945,-28.510430637004
0.035,1.27,0.13,1.125,20,2.125,3.375,6.125,8.6,0,65,65,1.6375,5.0539999008179,-39.762146057043
0.035,1.27,0.13,1.125,20,2.125,3.375,6.125,8.6,0,65,65,1.6375,5.1240000724792,-44.278197754237
0.035,1.27,0.13,1.125,20,2.125,3.375,6.125,8.6,0,65,65,1.6375,5.1449999809265,-37.475653999795
0.035,1.27,0.13,1.125,20,2.125,3.375,6.125,8.6,0,65,65,1.6375,5.1799998283386,-34.615948357261
0.035,1.27,0.13,1.125,20,2.125,3.375,6.5,8.6,0,65,65,1.6375,4.9559998512268,-26.498571019918
0.035,1.27,0.13,1.125,20,2.125,3.375,6.5,8.6,0,65,65,1.6375,5.0260000228882,-27.436065065212
0.035,1.27,0.13,1.125,20,2.125,3.375,6.5,8.6,0,65,65,1.6375,5.039999961853,-28.819913915255
0.035,1.27,0.13,1.125,20,2.125,3.375,6.5,8.6,0,65,65,1.6375,5.0469999313354,-27.783621360608
0.035,1.27,0.13,1.125,20,2.125,3.75,5.375,8.6,0,65,65,1.6375,5.186999797821,-28.910503258944
0.035,1.27,0.13,1.125,20,2.125,3.75,5.375,8.6,0,65,65,1.6375,5.3270001411438,-29.501243604218
0.035,1.27,0.13,1.125,20,2.125,3.75,5.375,8.6,0,65,65,1.6375,5.3689999580383,-32.139290471358
0.035,1.27,0.13,1.125,20,2.125,3.75,5.375,8.6,0,65,65,1.6375,5.4180002212524,-39.988316782475
0.035,1.27,0.13,1.125,20,2.125,3.75,5.75,8.6,0,65,65,1.6375,5.1310000419617,-32.522996890369
0.035,1.27,0.13,1.125,20,2.125,3.75,5.75,8.6,0,65,65,1.6375,5.2290000915527,-31.666245574955
0.035,1.27,0.13,1.125,20,2.125,3.75,5.75,8.6,0,65,65,1.6375,5.2709999084473,-34.277465764237
0.035,1.27,0.13,1.125,20,2.125,3.75,5.75,8.6,0,65,65,1.6375,5.298999786377,-32.086873945355
0.035,1.27,0.13,1.125,20,2.125,3.75,6.125,8.6,0,65,65,1.6375,5.0539999008179,-38.848972150489
0.035,1.27,0.13,1.125,20,2.125,3.75,6.125,8.6,0,65,65,1.6375,5.1240000724792,-44.595801180522
0.035,1.27,0.13,1.125,20,2.125,3.75,6.125,8.6,0,65,65,1.6375,5.1589999198914,-38.011930368863
0.035,1.27,0.13,1.125,20,2.125,3.75,6.125,8.6,0,65,65,1.6375,5.1799998283386,-38.254691069843
0.035,1.27,0.13,1.125,20,2.125,3.75,6.5,8.6,0,65,65,1.6375,4.9559998512268,-28.717031868557
0.035,1.27,0.13,1.125,20,2.125,3.75,6.5,8.6,0,65,65,1.6375,5.0329999923706,-28.876747872789
0.035,1.27,0.13,1.125,20,2.125,3.75,6.5,8.6,0,65,65,1.6375,5.0609998703003,-27.146950874968
0.035,1.27,0.13,1.125,20,2.125,4.125,5.375,8.6,0,65,65,1.6375,5.1729998588562,-37.521122628202
0.035,1.27,0.13,1.125,20,2.125,4.125,5.375,8.6,0,65,65,1.6375,5.3270001411438,-27.165305234825
0.035,1.27,0.13,1.125,20,2.125,4.125,5.375,8.6,0,65,65,1.6375,5.3829998970032,-18.613471268384
0.035,1.27,0.13,1.125,20,2.125,4.125,5.375,8.6,0,65,65,1.6375,5.4180002212524,-18.43035022854
0.035,1.27,0.13,1.125,20,2.125,4.125,5.75,8.6,0,65,65,1.6375,5.1170001029968,-36.942867999396
0.035,1.27,0.13,1.125,20,2.125,4.125,5.75,8.6,0,65,65,1.6375,5.2290000915527,-22.931572911492
0.035,1.27,0.13,1.125,20,2.125,4.125,5.75,8.6,0,65,65,1.6375,5.298999786377,-25.252477243736
0.035,1.27,0.13,1.125,20,2.125,4.125,5.75,8.6,0,65,65,1.6375,5.313000202179,-18.140965275185
0.035,1.27,0.13,1.125,20,2.125,4.125,6.125,8.6,0,65,65,1.6375,5.0539999008179,-47.801084952809
0.035,1.27,0.13,1.125,20,2.125,4.125,6.125,8.6,0,65,65,1.6375,5.1240000724792,-29.29266362905
0.035,1.27,0.13,1.125,20,2.125,4.125,6.125,8.6,0,65,65,1.6375,5.1519999504089,-23.990458129168
0.035,1.27,0.13,1.125,20,2.125,4.125,6.125,8.6,0,65,65,1.6375,5.2150001525879,-25.619129571363
0.035,1.27,0.13,1.125,20,2.125,4.125,6.5,8.6,0,65,65,1.6375,4.9489998817444,-29.341247876117
0.035,1.27,0.13,1.125,20,2.125,4.125,6.5,8.6,0,65,65,1.6375,5.0260000228882,-27.20268288803
0.035,1.27,0.13,1.125,20,2.125,4.125,6.5,8.6,0,65,65,1.6375,5.0329999923706,-25.004049338956
0.035,1.27,0.13,1.125,20,2.125,4.125,6.5,8.6,0,65,65,1.6375,5.0469999313354,-20.590375008494
0.035,1.27,0.13,1.125,20,2.125,4.5,5.375,8.6,0,65,65,1.6375,5.186999797821,-34.930377471967
0.035,1.27,0.13,1.125,20,2.125,4.5,5.375,8.6,0,65,65,1.6375,5.298999786377,-24.452216994856
0.035,1.27,0.13,1.125,20,2.125,4.5,5.375,8.6,0,65,65,1.6375,5.3550000190735,-22.4746924748
0.035,1.27,0.13,1.125,20,2.125,4.5,5.375,8.6,0,65,65,1.6375,5.396999835968,-21.965048677951
0.035,1.27,0.13,1.125,20,2.125,4.5,5.75,8.6,0,65,65,1.6375,5.1170001029968,-40.271643416733
0.035,1.27,0.13,1.125,20,2.125,4.5,5.75,8.6,0,65,65,1.6375,5.2150001525879,-26.561338797208
0.035,1.27,0.13,1.125,20,2.125,4.5,5.75,8.6,0,65,65,1.6375,5.2639999389648,-23.758703193255
0.035,1.27,0.13,1.125,20,2.125,4.5,5.75,8.6,0,65,65,1.6375,5.2919998168945,-22.403326284315
0.035,1.27,0.13,1.125,20,2.125,4.5,6.125,8.6,0,65,65,1.6375,5.0609998703003,-28.440569598542
0.035,1.27,0.13,1.125,20,2.125,4.5,6.125,8.6,0,65,65,1.6375,5.1380000114441,-33.039452925465
0.035,1.27,0.13,1.125,20,2.125,4.5,6.125,8.6,0,65,65,1.6375,5.1589999198914,-26.603839111647
0.035,1.27,0.13,1.125,20,2.125,4.5,6.125,8.6,0,65,65,1.6375,5.1799998283386,-25.422537041004
0.035,1.27,0.13,1.125,20,2.125,4.5,6.5,8.6,0,65,65,1.6375,4.9489998817444,-19.015706358035
0.035,1.27,0.13,1.125,20,2.125,4.5,6.5,8.6,0,65,65,1.6375,5.0260000228882,-26.576200472937
0.035,1.27,0.13,1.125,20,2.125,4.5,6.5,8.6,0,65,65,1.6375,5.0469999313354,-35.924420502741
0.035,1.27,0.13,1.125,20,2.125,4.5,6.5,8.6,0,65,65,1.6375,5.0539999008179,-30.253377606621
0.035,1.27,0.13,1.125,20,2.5,3.375,5.375,8.6,0,65,65,1.6375,5.201000213623,-28.749872737311
0.035,1.27,0.13,1.125,20,2.5,3.375,5.375,8.6,0,65,65,1.6375,5.3200001716614,-26.904580916683
0.035,1.27,0.13,1.125,20,2.5,3.375,5.375,8.6,0,65,65,1.6375,5.3689999580383,-25.982963134899
0.035,1.27,0.13,1.125,20,2.5,3.375,5.375,8.6,0,65,65,1.6375,5.4109997749329,-25.881696376041
0.035,1.27,0.13,1.125,20,2.5,3.375,5.75,8.6,0,65,65,1.6375,5.1310000419617,-35.194983788971
0.035,1.27,0.13,1.125,20,2.5,3.375,5.75,8.6,0,65,65,1.6375,5.2290000915527,-30.057752920665
0.035,1.27,0.13,1.125,20,2.5,3.375,5.75,8.6,0,65,65,1.6375,5.2709999084473,-29.16075934347
0.035,1.27,0.13,1.125,20,2.5,3.375,5.75,8.6,0,65,65,1.6375,5.2919998168945,-28.623708069656
0.035,1.27,0.13,1.125,20,2.5,3.375,6.125,8.6,0,65,65,1.6375,5.0609998703003,-40.504042124301
0.035,1.27,0.13,1.125,20,2.5,3.375,6.125,8.6,0,65,65,1.6375,5.1240000724792,-34.458802003601
0.035,1.27,0.13,1.125,20,2.5,3.375,6.125,8.6,0,65,65,1.6375,5.1449999809265,-34.352437096494
0.035,1.27,0.13,1.125,20,2.5,3.375,6.125,8.6,0,65,65,1.6375,5.1799998283386,-34.426111414333
0.035,1.27,0.13,1.125,20,2.5,3.375,6.5,8.6,0,65,65,1.6375,4.9559998512268,-27.648499612018
0.035,1.27,0.13,1.125,20,2.5,3.375,6.5,8.6,0,65,65,1.6375,5.0190000534058,-26.379612927595
0.035,1.27,0.13,1.125,20,2.5,3.375,6.5,8.6,0,65,65,1.6375,5.039999961853,-27.70437999191
0.035,1.27,0.13,1.125,20,2.5,3.375,6.5,8.6,0,65,65,1.6375,5.0469999313354,-28.000194342754
0.035,1.27,0.13,1.125,20,2.5,3.75,5.375,8.6,0,65,65,1.6375,5.201000213623,-29.207371912429
0.035,1.27,0.13,1.125,20,2.5,3.75,5.375,8.6,0,65,65,1.6375,5.3270001411438,-30.462272147253
0.035,1.27,0.13,1.125,20,2.5,3.75,5.375,8.6,0,65,65,1.6375,5.3759999275208,-41.595603741103
0.035,1.27,0.13,1.125,20,2.5,3.75,5.375,8.6,0,65,65,1.6375,5.460000038147,-21.426995672824
0.035,1.27,0.13,1.125,20,2.5,3.75,5.75,8.6,0,65,65,1.6375,5.1449999809265,-32.594310400528
0.035,1.27,0.13,1.125,20,2.5,3.75,5.75,8.6,0,65,65,1.6375,5.2360000610352,-32.324913726259
0.035,1.27,0.13,1.125,20,2.5,3.75,5.75,8.6,0,65,65,1.6375,5.2779998779297,-37.108708758207
0.035,1.27,0.13,1.125,20,2.5,3.75,5.75,8.6,0,65,65,1.6375,5.3060002326965,-34.252664285579
0.035,1.27,0.13,1.125,20,2.5,3.75,6.125,8.6,0,65,65,1.6375,5.0539999008179,-36.481546747552
0.035,1.27,0.13,1.125,20,2.5,3.75,6.125,8.6,0,65,65,1.6375,5.1310000419617,-40.645500582791
0.035,1.27,0.13,1.125,20,2.5,3.75,6.125,8.6,0,65,65,1.6375,5.1659998893738,-37.738168837698
0.035,1.27,0.13,1.125,20,2.5,3.75,6.125,8.6,0,65,65,1.6375,5.1799998283386,-33.555352445646
0.035,1.27,0.13,1.125,20,2.5,3.75,6.5,8.6,0,65,65,1.6375,4.9559998512268,-27.349909283391
0.035,1.27,0.13,1.125,20,2.5,3.75,6.5,8.6,0,65,65,1.6375,5.039999961853,-27.599758933664
0.035,1.27,0.13,1.125,20,2.5,3.75,6.5,8.6,0,65,65,1.6375,5.0469999313354,-27.451859783563
0.035,1.27,0.13,1.125,20,2.5,3.75,6.5,8.6,0,65,65,1.6375,5.0609998703003,-28.537213491073
0.035,1.27,0.13,1.125,20,2.5,4.125,5.375,8.6,0,65,65,1.6375,5.201000213623,-27.784546114982
0.035,1.27,0.13,1.125,20,2.5,4.125,5.375,8.6,0,65,65,1.6375,5.3200001716614,-21.577841710028
0.035,1.27,0.13,1.125,20,2.5,4.125,5.375,8.6,0,65,65,1.6375,5.3689999580383,-20.451321715828
0.035,1.27,0.13,1.125,20,2.5,4.125,5.375,8.6,0,65,65,1.6375,5.4109997749329,-20.382098964002
0.035,1.27,0.13,1.125,20,2.5,4.125,5.75,8.6,0,65,65,1.6375,5.1170001029968,-30.235506583107
0.035,1.27,0.13,1.125,20,2.5,4.125,5.75,8.6,0,65,65,1.6375,5.25,-23.161312941046
0.035,1.27,0.13,1.125,20,2.5,4.125,5.75,8.6,0,65,65,1.6375,5.2919998168945,-20.683976690668
0.035,1.27,0.13,1.125,20,2.5,4.125,5.75,8.6,0,65,65,1.6375,5.298999786377,-20.392830163477
0.035,1.27,0.13,1.125,20,2.5,4.125,6.125,8.6,0,65,65,1.6375,5.0609998703003,-34.473091175182
0.035,1.27,0.13,1.125,20,2.5,4.125,6.125,8.6,0,65,65,1.6375,5.1519999504089,-21.114663041763
0.035,1.27,0.13,1.125,20,2.5,4.125,6.125,8.6,0,65,65,1.6375,5.1729998588562,-23.37415733719
0.035,1.27,0.13,1.125,20,2.5,4.125,6.125,8.6,0,65,65,1.6375,5.201000213623,-20.91161275752
0.035,1.27,0.13,1.125,20,2.5,4.125,6.5,8.6,0,65,65,1.6375,4.9489998817444,-28.96988514143
0.035,1.27,0.13,1.125,20,2.5,4.125,6.5,8.6,0,65,65,1.6375,5.0260000228882,-24.897254020283
0.035,1.27,0.13,1.125,20,2.5,4.125,6.5,8.6,0,65,65,1.6375,5.039999961853,-19.746925162224
0.035,1.27,0.13,1.125,20,2.5,4.125,6.5,8.6,0,65,65,1.6375,5.0679998397827,-19.400804732604
0.035,1.27,0.13,1.125,20,2.5,4.5,5.375,8.6,0,65,65,1.6375,5.186999797821,-29.537986808804
0.035,1.27,0.13,1.125,20,2.5,4.5,5.375,8.6,0,65,65,1.6375,5.3060002326965,-24.38913261286
0.035,1.27,0.13,1.125,20,2.5,4.5,5.375,8.6,0,65,65,1.6375,5.3550000190735,-22.688169557736
0.035,1.27,0.13,1.125,20,2.5,4.5,5.375,8.6,0,65,65,1.6375,5.4039998054504,-22.355303716125
0.035,1.27,0.13,1.125,20,2.5,4.5,5.75,8.6,0,65,65,1.6375,5.1170001029968,-36.211530152122
0.035,1.27,0.13,1.125,20,2.5,4.5,5.75,8.6,0,65,65,1.6375,5.2290000915527,-25.577769877488
0.035,1.27,0.13,1.125,20,2.5,4.5,5.75,8.6,0,65,65,1.6375,5.2709999084473,-23.956446943084
0.035,1.27,0.13,1.125,20,2.5,4.5,5.75,8.6,0,65,65,1.6375,5.2919998168945,-23.231792051288
0.035,1.27,0.13,1.125,20,2.5,4.5,6.125,8.6,0,65,65,1.6375,5.0609998703003,-33.269055290618
0.035,1.27,0.13,1.125,20,2.5,4.5,6.125,8.6,0,65,65,1.6375,5.1380000114441,-28.997048986752
0.035,1.27,0.13,1.125,20,2.5,4.5,6.125,8.6,0,65,65,1.6375,5.1589999198914,-26.118519788543
0.035,1.27,0.13,1.125,20,2.5,4.5,6.125,8.6,0,65,65,1.6375,5.186999797821,-25.744050189651
0.035,1.27,0.13,1.125,20,2.5,4.5,6.5,8.6,0,65,65,1.6375,4.9559998512268,-23.613852304345
0.035,1.27,0.13,1.125,20,2.5,4.5,6.5,8.6,0,65,65,1.6375,5.0329999923706,-33.290180881154
0.035,1.27,0.13,1.125,20,2.5,4.5,6.5,8.6,0,65,65,1.6375,5.0469999313354,-34.306298722151
0.035,1.27,0.13,1.125,20,2.5,4.5,6.5,8.6,0,65,65,1.6375,5.0539999008179,-34.651439804108
0.035,1.27,0.13,1.125,20,1.375,3.375,5.375,9.0,0,65,65,1.6375,5.039999961853,-28.796285769723
0.035,1.27,0.13,1.125,20,1.375,3.375,5.375,9.0,0,65,65,1.6375,5.1449999809265,-24.035852168559
0.035,1.27,0.13,1.125,20,1.375,3.375,5.375,9.0,0,65,65,1.6375,5.2150001525879,-22.802529250309
0.035,1.27,0.13,1.125,20,1.375,3.375,5.375,9.0,0,65,65,1.6375,5.2709999084473,-21.922602149894
0.035,1.27,0.13,1.125,20,1.375,3.375,5.75,9.0,0,65,65,1.6375,4.9629998207092,-35.397298741323
0.035,1.27,0.13,1.125,20,1.375,3.375,5.75,9.0,0,65,65,1.6375,5.0819997787476,-27.280887852998
0.035,1.27,0.13,1.125,20,1.375,3.375,5.75,9.0,0,65,65,1.6375,5.1310000419617,-25.188381287951
0.035,1.27,0.13,1.125,20,1.375,3.375,5.75,9.0,0,65,65,1.6375,5.1729998588562,-24.534965613172
0.035,1.27,0.13,1.125,20,1.375,3.375,6.125,9.0,0,65,65,1.6375,4.8860001564026,-36.104973496032
0.035,1.27,0.13,1.125,20,1.375,3.375,6.125,9.0,0,65,65,1.6375,4.9840002059937,-38.905530683015
0.035,1.27,0.13,1.125,20,1.375,3.375,6.125,9.0,0,65,65,1.6375,5.0329999923706,-32.860985149992
0.035,1.27,0.13,1.125,20,1.375,3.375,6.125,9.0,0,65,65,1.6375,5.0609998703003,-30.995595782236
0.035,1.27,0.13,1.125,20,1.375,3.375,6.5,9.0,0,65,65,1.6375,4.8229999542236,-26.281781393511
0.035,1.27,0.13,1.125,20,1.375,3.375,6.5,9.0,0,65,65,1.6375,4.893000125885,-28.001671228394
0.035,1.27,0.13,1.125,20,1.375,3.375,6.5,9.0,0,65,65,1.6375,4.9210000038147,-31.692034211778
0.035,1.27,0.13,1.125,20,1.375,3.375,6.5,9.0,0,65,65,1.6375,4.9489998817444,-29.121326089149
0.035,1.27,0.13,1.125,20,1.375,3.75,5.375,9.0,0,65,65,1.6375,5.039999961853,-28.026611545633
0.035,1.27,0.13,1.125,20,1.375,3.75,5.375,9.0,0,65,65,1.6375,5.1449999809265,-24.178303136682
0.035,1.27,0.13,1.125,20,1.375,3.75,5.375,9.0,0,65,65,1.6375,5.2220001220703,-23.591628991419
0.035,1.27,0.13,1.125,20,1.375,3.75,5.375,9.0,0,65,65,1.6375,5.2639999389648,-23.726072231896
0.035,1.27,0.13,1.125,20,1.375,3.75,5.75,9.0,0,65,65,1.6375,4.9629998207092,-33.027769413243
0.035,1.27,0.13,1.125,20,1.375,3.75,5.75,9.0,0,65,65,1.6375,5.0749998092651,-27.126507780988
0.035,1.27,0.13,1.125,20,1.375,3.75,5.75,9.0,0,65,65,1.6375,5.1240000724792,-25.590055043263
0.035,1.27,0.13,1.125,20,1.375,3.75,5.75,9.0,0,65,65,1.6375,5.1729998588562,-26.040246150898
0.035,1.27,0.13,1.125,20,1.375,3.75,6.125,9.0,0,65,65,1.6375,4.893000125885,-37.863773785445
0.035,1.27,0.13,1.125,20,1.375,3.75,6.125,9.0,0,65,65,1.6375,4.9840002059937,-35.559055693979
0.035,1.27,0.13,1.125,20,1.375,3.75,6.125,9.0,0,65,65,1.6375,5.039999961853,-30.534101628799
0.035,1.27,0.13,1.125,20,1.375,3.75,6.125,9.0,0,65,65,1.6375,5.0609998703003,-31.662531434109
0.035,1.27,0.13,1.125,20,1.375,3.75,6.5,9.0,0,65,65,1.6375,4.8229999542236,-27.832445124935
0.035,1.27,0.13,1.125,20,1.375,3.75,6.5,9.0,0,65,65,1.6375,4.893000125885,-28.626554918186
0.035,1.27,0.13,1.125,20,1.375,3.75,6.5,9.0,0,65,65,1.6375,4.9210000038147,-29.027342811604
0.035,1.27,0.13,1.125,20,1.375,3.75,6.5,9.0,0,65,65,1.6375,4.9629998207092,-27.85429353518
0.035,1.27,0.13,1.125,20,1.375,4.125,5.375,9.0,0,65,65,1.6375,5.0260000228882,-26.399820285882
0.035,1.27,0.13,1.125,20,1.375,4.125,5.375,9.0,0,65,65,1.6375,5.1240000724792,-25.560024444451
0.035,1.27,0.13,1.125,20,1.375,4.125,5.375,9.0,0,65,65,1.6375,5.2080001831055,-28.063803884163
0.035,1.27,0.13,1.125,20,1.375,4.125,5.375,9.0,0,65,65,1.6375,5.25,-34.84189896572
0.035,1.27,0.13,1.125,20,1.375,4.125,5.75,9.0,0,65,65,1.6375,4.9489998817444,-29.383844492628
0.035,1.27,0.13,1.125,20,1.375,4.125,5.75,9.0,0,65,65,1.6375,5.0679998397827,-28.578158540823
0.035,1.27,0.13,1.125,20,1.375,4.125,5.75,9.0,0,65,65,1.6375,5.1170001029968,-29.521876755158
0.035,1.27,0.13,1.125,20,1.375,4.125,5.75,9.0,0,65,65,1.6375,5.1589999198914,-32.213831470485
0.035,1.27,0.13,1.125,20,1.375,4.125,6.125,9.0,0,65,65,1.6375,4.8860001564026,-38.726481411731
0.035,1.27,0.13,1.125,20,1.375,4.125,6.125,9.0,0,65,65,1.6375,4.9770002365112,-32.308976390226
0.035,1.27,0.13,1.125,20,1.375,4.125,6.125,9.0,0,65,65,1.6375,5.0260000228882,-36.709662427246
0.035,1.27,0.13,1.125,20,1.375,4.125,6.125,9.0,0,65,65,1.6375,5.0609998703003,-38.652847839196
0.035,1.27,0.13,1.125,20,1.375,4.125,6.5,9.0,0,65,65,1.6375,4.8090000152588,-29.587356976602
0.035,1.27,0.13,1.125,20,1.375,4.125,6.5,9.0,0,65,65,1.6375,4.893000125885,-34.106994960281
0.035,1.27,0.13,1.125,20,1.375,4.125,6.5,9.0,0,65,65,1.6375,4.9279999732971,-31.870056244519
0.035,1.27,0.13,1.125,20,1.375,4.125,6.5,9.0,0,65,65,1.6375,4.9489998817444,-30.385232400475
0.035,1.27,0.13,1.125,20,1.375,4.5,5.375,9.0,0,65,65,1.6375,4.9910001754761,-29.707017918022
0.035,1.27,0.13,1.125,20,1.375,4.5,5.375,9.0,0,65,65,1.6375,5.1100001335144,-23.66608595111
0.035,1.27,0.13,1.125,20,1.375,4.5,5.375,9.0,0,65,65,1.6375,5.2080001831055,-38.600608820965
0.035,1.27,0.13,1.125,20,1.375,4.5,5.375,9.0,0,65,65,1.6375,5.2639999389648,-22.386966116789
0.035,1.27,0.13,1.125,20,1.375,4.5,5.75,9.0,0,65,65,1.6375,4.9279999732971,-28.733232328719
0.035,1.27,0.13,1.125,20,1.375,4.5,5.75,9.0,0,65,65,1.6375,5.0469999313354,-26.545938503994
0.035,1.27,0.13,1.125,20,1.375,4.5,5.75,9.0,0,65,65,1.6375,5.1170001029968,-20.250422514879
0.035,1.27,0.13,1.125,20,1.375,4.5,5.75,9.0,0,65,65,1.6375,5.1799998283386,-36.099918372815
0.035,1.27,0.13,1.125,20,1.375,4.5,6.125,9.0,0,65,65,1.6375,4.8720002174377,-29.990116971114
0.035,1.27,0.13,1.125,20,1.375,4.5,6.125,9.0,0,65,65,1.6375,4.9699997901917,-31.792393676367
0.035,1.27,0.13,1.125,20,1.375,4.5,6.125,9.0,0,65,65,1.6375,5.0190000534058,-21.346942026367
0.035,1.27,0.13,1.125,20,1.375,4.5,6.125,9.0,0,65,65,1.6375,5.0539999008179,-17.399252141378
0.035,1.27,0.13,1.125,20,1.375,4.5,6.5,9.0,0,65,65,1.6375,4.8020000457764,-46.358353244816
0.035,1.27,0.13,1.125,20,1.375,4.5,6.5,9.0,0,65,65,1.6375,4.8860001564026,-31.6611704266
0.035,1.27,0.13,1.125,20,1.375,4.5,6.5,9.0,0,65,65,1.6375,4.9140000343323,-24.687300837459
0.035,1.27,0.13,1.125,20,1.375,4.5,6.5,9.0,0,65,65,1.6375,4.941999912262,-19.215136752577
0.035,1.27,0.13,1.125,20,1.75,3.375,5.375,9.0,0,65,65,1.6375,5.0539999008179,-27.731124972277
0.035,1.27,0.13,1.125,20,1.75,3.375,5.375,9.0,0,65,65,1.6375,5.1519999504089,-23.582375448748
0.035,1.27,0.13,1.125,20,1.75,3.375,5.375,9.0,0,65,65,1.6375,5.2290000915527,-22.594731601286
0.035,1.27,0.13,1.125,20,1.75,3.375,5.375,9.0,0,65,65,1.6375,5.2779998779297,-21.842088805755
0.035,1.27,0.13,1.125,20,1.75,3.375,5.75,9.0,0,65,65,1.6375,4.9699997901917,-33.018718064249
0.035,1.27,0.13,1.125,20,1.75,3.375,5.75,9.0,0,65,65,1.6375,5.0890002250671,-26.57581201816
0.035,1.27,0.13,1.125,20,1.75,3.375,5.75,9.0,0,65,65,1.6375,5.1380000114441,-24.594578635052
0.035,1.27,0.13,1.125,20,1.75,3.375,5.75,9.0,0,65,65,1.6375,5.1799998283386,-24.130097802997
0.035,1.27,0.13,1.125,20,1.75,3.375,6.125,9.0,0,65,65,1.6375,4.893000125885,-39.702508261064
0.035,1.27,0.13,1.125,20,1.75,3.375,6.125,9.0,0,65,65,1.6375,4.9840002059937,-32.018532065729
0.035,1.27,0.13,1.125,20,1.75,3.375,6.125,9.0,0,65,65,1.6375,5.039999961853,-30.667894028445
0.035,1.27,0.13,1.125,20,1.75,3.375,6.125,9.0,0,65,65,1.6375,5.0679998397827,-28.273762851641
0.035,1.27,0.13,1.125,20,1.75,3.375,6.5,9.0,0,65,65,1.6375,4.8229999542236,-26.91113777423
0.035,1.27,0.13,1.125,20,1.75,3.375,6.5,9.0,0,65,65,1.6375,4.9000000953674,-31.267538122406
0.035,1.27,0.13,1.125,20,1.75,3.375,6.5,9.0,0,65,65,1.6375,4.9279999732971,-33.777309373574
0.035,1.27,0.13,1.125,20,1.75,3.375,6.5,9.0,0,65,65,1.6375,4.9559998512268,-33.631093612622
0.035,1.27,0.13,1.125,20,1.75,3.75,5.375,9.0,0,65,65,1.6375,5.0469999313354,-27.62966811384
0.035,1.27,0.13,1.125,20,1.75,3.75,5.375,9.0,0,65,65,1.6375,5.1519999504089,-24.071501692807
0.035,1.27,0.13,1.125,20,1.75,3.75,5.375,9.0,0,65,65,1.6375,5.2290000915527,-23.587633079415
0.035,1.27,0.13,1.125,20,1.75,3.75,5.375,9.0,0,65,65,1.6375,5.2779998779297,-23.930015235465
0.035,1.27,0.13,1.125,20,1.75,3.75,5.75,9.0,0,65,65,1.6375,4.9699997901917,-30.619937140643
0.035,1.27,0.13,1.125,20,1.75,3.75,5.75,9.0,0,65,65,1.6375,5.0890002250671,-26.849228477489
0.035,1.27,0.13,1.125,20,1.75,3.75,5.75,9.0,0,65,65,1.6375,5.1310000419617,-25.539663592518
0.035,1.27,0.13,1.125,20,1.75,3.75,5.75,9.0,0,65,65,1.6375,5.1799998283386,-25.346734127505
0.035,1.27,0.13,1.125,20,1.75,3.75,6.125,9.0,0,65,65,1.6375,4.9000000953674,-54.520410574041
0.035,1.27,0.13,1.125,20,1.75,3.75,6.125,9.0,0,65,65,1.6375,4.9910001754761,-33.251329032474
0.035,1.27,0.13,1.125,20,1.75,3.75,6.125,9.0,0,65,65,1.6375,5.0469999313354,-30.475148813358
0.035,1.27,0.13,1.125,20,1.75,3.75,6.125,9.0,0,65,65,1.6375,5.0679998397827,-30.262394067429
0.035,1.27,0.13,1.125,20,1.75,3.75,6.5,9.0,0,65,65,1.6375,4.8229999542236,-29.075878134107
0.035,1.27,0.13,1.125,20,1.75,3.75,6.5,9.0,0,65,65,1.6375,4.9070000648499,-30.022184016056
0.035,1.27,0.13,1.125,20,1.75,3.75,6.5,9.0,0,65,65,1.6375,4.9279999732971,-31.994838726413
0.035,1.27,0.13,1.125,20,1.75,3.75,6.5,9.0,0,65,65,1.6375,4.9629998207092,-36.960510991128
0.035,1.27,0.13,1.125,20,1.75,4.125,5.375,9.0,0,65,65,1.6375,5.039999961853,-26.287714152229
0.035,1.27,0.13,1.125,20,1.75,4.125,5.375,9.0,0,65,65,1.6375,5.1380000114441,-27.699877362043
0.035,1.27,0.13,1.125,20,1.75,4.125,5.375,9.0,0,65,65,1.6375,5.2220001220703,-38.392719545202
0.035,1.27,0.13,1.125,20,1.75,4.125,5.375,9.0,0,65,65,1.6375,5.2779998779297,-23.144409905692
0.035,1.27,0.13,1.125,20,1.75,4.125,5.75,9.0,0,65,65,1.6375,4.9629998207092,-28.610946627549
0.035,1.27,0.13,1.125,20,1.75,4.125,5.75,9.0,0,65,65,1.6375,5.0749998092651,-28.838685168673
0.035,1.27,0.13,1.125,20,1.75,4.125,5.75,9.0,0,65,65,1.6375,5.1240000724792,-32.538914191668
0.035,1.27,0.13,1.125,20,1.75,4.125,5.75,9.0,0,65,65,1.6375,5.1729998588562,-32.800762889778
0.035,1.27,0.13,1.125,20,1.75,4.125,6.125,9.0,0,65,65,1.6375,4.893000125885,-35.408524833228
0.035,1.27,0.13,1.125,20,1.75,4.125,6.125,9.0,0,65,65,1.6375,4.9840002059937,-32.212318659628
0.035,1.27,0.13,1.125,20,1.75,4.125,6.125,9.0,0,65,65,1.6375,5.0329999923706,-39.842595175467
0.035,1.27,0.13,1.125,20,1.75,4.125,6.125,9.0,0,65,65,1.6375,5.0679998397827,-38.925545153434
0.035,1.27,0.13,1.125,20,1.75,4.125,6.5,9.0,0,65,65,1.6375,4.8229999542236,-30.88514968398
0.035,1.27,0.13,1.125,20,1.75,4.125,6.5,9.0,0,65,65,1.6375,4.9000000953674,-31.383919679068
0.035,1.27,0.13,1.125,20,1.75,4.125,6.5,9.0,0,65,65,1.6375,4.9349999427795,-35.182021624956
0.035,1.27,0.13,1.125,20,1.75,4.125,6.5,9.0,0,65,65,1.6375,4.9559998512268,-28.711119633793
0.035,1.27,0.13,1.125,20,1.75,4.5,5.375,9.0,0,65,65,1.6375,5.0120000839233,-25.265675136813
0.035,1.27,0.13,1.125,20,1.75,4.5,5.375,9.0,0,65,65,1.6375,5.1519999504089,-34.729616277337
0.035,1.27,0.13,1.125,20,1.75,4.5,5.375,9.0,0,65,65,1.6375,5.2220001220703,-21.5108121693
0.035,1.27,0.13,1.125,20,1.75,4.5,5.375,9.0,0,65,65,1.6375,5.2709999084473,-19.057187636955
0.035,1.27,0.13,1.125,20,1.75,4.5,5.75,9.0,0,65,65,1.6375,4.9349999427795,-33.350425269612
0.035,1.27,0.13,1.125,20,1.75,4.5,5.75,9.0,0,65,65,1.6375,5.0890002250671,-28.221021495123
0.035,1.27,0.13,1.125,20,1.75,4.5,5.75,9.0,0,65,65,1.6375,5.1380000114441,-26.272199234383
0.035,1.27,0.13,1.125,20,1.75,4.5,5.75,9.0,0,65,65,1.6375,5.1799998283386,-20.510699745799
0.035,1.27,0.13,1.125,20,1.75,4.5,6.125,9.0,0,65,65,1.6375,4.8720002174377,-40.905000918867
0.035,1.27,0.13,1.125,20,1.75,4.5,6.125,9.0,0,65,65,1.6375,4.9910001754761,-20.388722443293
0.035,1.27,0.13,1.125,20,1.75,4.5,6.125,9.0,0,65,65,1.6375,5.0469999313354,-24.135627138528
0.035,1.27,0.13,1.125,20,1.75,4.5,6.125,9.0,0,65,65,1.6375,5.0749998092651,-31.475647282797
0.035,1.27,0.13,1.125,20,1.75,4.5,6.5,9.0,0,65,65,1.6375,4.8090000152588,-43.267177115612
0.035,1.27,0.13,1.125,20,1.75,4.5,6.5,9.0,0,65,65,1.6375,4.8860001564026,-24.104952102196
0.035,1.27,0.13,1.125,20,1.75,4.5,6.5,9.0,0,65,65,1.6375,4.9210000038147,-19.149627319373
0.035,1.27,0.13,1.125,20,1.75,4.5,6.5,9.0,0,65,65,1.6375,4.9629998207092,-16.647947241371
0.035,1.27,0.13,1.125,20,2.125,3.375,5.375,9.0,0,65,65,1.6375,5.0609998703003,-27.628969593883
0.035,1.27,0.13,1.125,20,2.125,3.375,5.375,9.0,0,65,65,1.6375,5.1589999198914,-23.280659860694
0.035,1.27,0.13,1.125,20,2.125,3.375,5.375,9.0,0,65,65,1.6375,5.2360000610352,-22.33332741901
0.035,1.27,0.13,1.125,20,2.125,3.375,5.375,9.0,0,65,65,1.6375,5.2849998474121,-21.703740992702
0.035,1.27,0.13,1.125,20,2.125,3.375,5.75,9.0,0,65,65,1.6375,4.9770002365112,-32.95558568538
0.035,1.27,0.13,1.125,20,2.125,3.375,5.75,9.0,0,65,65,1.6375,5.0890002250671,-26.224314148623
0.035,1.27,0.13,1.125,20,2.125,3.375,5.75,9.0,0,65,65,1.6375,5.1380000114441,-24.139179423861
0.035,1.27,0.13,1.125,20,2.125,3.375,5.75,9.0,0,65,65,1.6375,5.186999797821,-23.889666982882
0.035,1.27,0.13,1.125,20,2.125,3.375,6.125,9.0,0,65,65,1.6375,4.9000000953674,-44.066073736631
0.035,1.27,0.13,1.125,20,2.125,3.375,6.125,9.0,0,65,65,1.6375,4.9910001754761,-33.3297035905
0.035,1.27,0.13,1.125,20,2.125,3.375,6.125,9.0,0,65,65,1.6375,5.0469999313354,-29.051637059302
0.035,1.27,0.13,1.125,20,2.125,3.375,6.125,9.0,0,65,65,1.6375,5.0679998397827,-28.094278567328
0.035,1.27,0.13,1.125,20,2.125,3.375,6.5,9.0,0,65,65,1.6375,4.8299999237061,-27.145654456682
0.035,1.27,0.13,1.125,20,2.125,3.375,6.5,9.0,0,65,65,1.6375,4.9070000648499,-29.232160654317
0.035,1.27,0.13,1.125,20,2.125,3.375,6.5,9.0,0,65,65,1.6375,4.9279999732971,-30.286340647403
0.035,1.27,0.13,1.125,20,2.125,3.375,6.5,9.0,0,65,65,1.6375,4.9559998512268,-29.952617002315
0.035,1.27,0.13,1.125,20,2.125,3.75,5.375,9.0,0,65,65,1.6375,5.0539999008179,-27.11903071422
0.035,1.27,0.13,1.125,20,2.125,3.75,5.375,9.0,0,65,65,1.6375,5.1589999198914,-23.9350813834
0.035,1.27,0.13,1.125,20,2.125,3.75,5.375,9.0,0,65,65,1.6375,5.2360000610352,-24.086828069969
0.035,1.27,0.13,1.125,20,2.125,3.75,5.375,9.0,0,65,65,1.6375,5.2849998474121,-24.630101624107
0.035,1.27,0.13,1.125,20,2.125,3.75,5.75,9.0,0,65,65,1.6375,4.9770002365112,-30.206697490898
0.035,1.27,0.13,1.125,20,2.125,3.75,5.75,9.0,0,65,65,1.6375,5.0960001945496,-26.751261629358
0.035,1.27,0.13,1.125,20,2.125,3.75,5.75,9.0,0,65,65,1.6375,5.1380000114441,-25.64877395351
0.035,1.27,0.13,1.125,20,2.125,3.75,5.75,9.0,0,65,65,1.6375,5.186999797821,-25.460201393742
0.035,1.27,0.13,1.125,20,2.125,3.75,6.125,9.0,0,65,65,1.6375,4.9000000953674,-35.367622390647
0.035,1.27,0.13,1.125,20,2.125,3.75,6.125,9.0,0,65,65,1.6375,4.9980001449585,-32.383041908737
0.035,1.27,0.13,1.125,20,2.125,3.75,6.125,9.0,0,65,65,1.6375,5.0539999008179,-30.483289796054
0.035,1.27,0.13,1.125,20,2.125,3.75,6.125,9.0,0,65,65,1.6375,5.0749998092651,-30.187821209518
0.035,1.27,0.13,1.125,20,2.125,3.75,6.5,9.0,0,65,65,1.6375,4.8299999237061,-30.334567068366
0.035,1.27,0.13,1.125,20,2.125,3.75,6.5,9.0,0,65,65,1.6375,4.9070000648499,-35.986421597071
0.035,1.27,0.13,1.125,20,2.125,3.75,6.5,9.0,0,65,65,1.6375,4.9349999427795,-32.747397817842
0.035,1.27,0.13,1.125,20,2.125,3.75,6.5,9.0,0,65,65,1.6375,4.9699997901917,-37.186013556229
0.035,1.27,0.13,1.125,20,2.125,4.125,5.375,9.0,0,65,65,1.6375,5.0469999313354,-27.027877320448
0.035,1.27,0.13,1.125,20,2.125,4.125,5.375,9.0,0,65,65,1.6375,5.1519999504089,-38.201470642837
0.035,1.27,0.13,1.125,20,2.125,4.125,5.375,9.0,0,65,65,1.6375,5.2779998779297,-46.74616326366
0.035,1.27,0.13,1.125,20,2.125,4.125,5.375,9.0,0,65,65,1.6375,5.313000202179,-15.737797165326
0.035,1.27,0.13,1.125,20,2.125,4.125,5.75,9.0,0,65,65,1.6375,4.9629998207092,-28.782193845342
0.035,1.27,0.13,1.125,20,2.125,4.125,5.75,9.0,0,65,65,1.6375,5.0890002250671,-34.689831887274
0.035,1.27,0.13,1.125,20,2.125,4.125,5.75,9.0,0,65,65,1.6375,5.1380000114441,-33.260966275287
0.035,1.27,0.13,1.125,20,2.125,4.125,5.75,9.0,0,65,65,1.6375,5.2290000915527,-31.587063859341
0.035,1.27,0.13,1.125,20,2.125,4.125,6.125,9.0,0,65,65,1.6375,4.9000000953674,-36.883441327402
0.035,1.27,0.13,1.125,20,2.125,4.125,6.125,9.0,0,65,65,1.6375,4.9910001754761,-32.982279121517
0.035,1.27,0.13,1.125,20,2.125,4.125,6.125,9.0,0,65,65,1.6375,5.039999961853,-46.012329495708
0.035,1.27,0.13,1.125,20,2.125,4.125,6.125,9.0,0,65,65,1.6375,5.0819997787476,-26.385447164629
0.035,1.27,0.13,1.125,20,2.125,4.125,6.5,9.0,0,65,65,1.6375,4.8229999542236,-32.21445364018
0.035,1.27,0.13,1.125,20,2.125,4.125,6.5,9.0,0,65,65,1.6375,4.9070000648499,-37.062534828139
0.035,1.27,0.13,1.125,20,2.125,4.125,6.5,9.0,0,65,65,1.6375,4.941999912262,-35.437053410802
0.035,1.27,0.13,1.125,20,2.125,4.125,6.5,9.0,0,65,65,1.6375,4.9629998207092,-27.841398353591
0.035,1.27,0.13,1.125,20,2.125,4.5,5.375,9.0,0,65,65,1.6375,5.0539999008179,-34.988631646926
0.035,1.27,0.13,1.125,20,2.125,4.5,5.375,9.0,0,65,65,1.6375,5.1589999198914,-22.707015159501
0.035,1.27,0.13,1.125,20,2.125,4.5,5.375,9.0,0,65,65,1.6375,5.2290000915527,-19.775899605637
0.035,1.27,0.13,1.125,20,2.125,4.5,5.375,9.0,0,65,65,1.6375,5.2779998779297,-18.79511217476
0.035,1.27,0.13,1.125,20,2.125,4.5,5.75,9.0,0,65,65,1.6375,4.9629998207092,-23.709048574162
0.035,1.27,0.13,1.125,20,2.125,4.5,5.75,9.0,0,65,65,1.6375,5.0890002250671,-25.876989470224
0.035,1.27,0.13,1.125,20,2.125,4.5,5.75,9.0,0,65,65,1.6375,5.1380000114441,-20.916787344709
0.035,1.27,0.13,1.125,20,2.125,4.5,5.75,9.0,0,65,65,1.6375,5.186999797821,-19.538580274101
0.035,1.27,0.13,1.125,20,2.125,4.5,6.125,9.0,0,65,65,1.6375,4.8790001869202,-23.76702847008
0.035,1.27,0.13,1.125,20,2.125,4.5,6.125,9.0,0,65,65,1.6375,5.0120000839233,-52.327212702261
0.035,1.27,0.13,1.125,20,2.125,4.5,6.125,9.0,0,65,65,1.6375,5.0539999008179,-25.328115406472
0.035,1.27,0.13,1.125,20,2.125,4.5,6.125,9.0,0,65,65,1.6375,5.0749998092651,-22.100445527054
0.035,1.27,0.13,1.125,20,2.125,4.5,6.5,9.0,0,65,65,1.6375,4.8159999847412,-28.775875492456
0.035,1.27,0.13,1.125,20,2.125,4.5,6.5,9.0,0,65,65,1.6375,4.9070000648499,-19.245396615385
0.035,1.27,0.13,1.125,20,2.125,4.5,6.5,9.0,0,65,65,1.6375,4.9489998817444,-27.311917984035
0.035,1.27,0.13,1.125,20,2.125,4.5,6.5,9.0,0,65,65,1.6375,4.9770002365112,-39.280280606146
0.035,1.27,0.13,1.125,20,2.5,3.375,5.375,9.0,0,65,65,1.6375,5.0609998703003,-27.025787065192
0.035,1.27,0.13,1.125,20,2.5,3.375,5.375,9.0,0,65,65,1.6375,5.1589999198914,-23.167435627728
0.035,1.27,0.13,1.125,20,2.5,3.375,5.375,9.0,0,65,65,1.6375,5.2360000610352,-22.375054562743
0.035,1.27,0.13,1.125,20,2.5,3.375,5.375,9.0,0,65,65,1.6375,5.2849998474121,-21.810701072373
0.035,1.27,0.13,1.125,20,2.5,3.375,5.75,9.0,0,65,65,1.6375,4.9770002365112,-31.670996548719
0.035,1.27,0.13,1.125,20,2.5,3.375,5.75,9.0,0,65,65,1.6375,5.0890002250671,-25.876554972491
0.035,1.27,0.13,1.125,20,2.5,3.375,5.75,9.0,0,65,65,1.6375,5.1380000114441,-24.182954183134
0.035,1.27,0.13,1.125,20,2.5,3.375,5.75,9.0,0,65,65,1.6375,5.186999797821,-23.89684345346
0.035,1.27,0.13,1.125,20,2.5,3.375,6.125,9.0,0,65,65,1.6375,4.9000000953674,-57.502626122047
0.035,1.27,0.13,1.125,20,2.5,3.375,6.125,9.0,0,65,65,1.6375,4.9980001449585,-31.321994183864
0.035,1.27,0.13,1.125,20,2.5,3.375,6.125,9.0,0,65,65,1.6375,5.0469999313354,-29.086842034184
0.035,1.27,0.13,1.125,20,2.5,3.375,6.125,9.0,0,65,65,1.6375,5.0679998397827,-28.383717250634
0.035,1.27,0.13,1.125,20,2.5,3.375,6.5,9.0,0,65,65,1.6375,4.8299999237061,-27.695094489865
0.035,1.27,0.13,1.125,20,2.5,3.375,6.5,9.0,0,65,65,1.6375,4.9070000648499,-31.106754383249
0.035,1.27,0.13,1.125,20,2.5,3.375,6.5,9.0,0,65,65,1.6375,4.9279999732971,-33.826791439919
0.035,1.27,0.13,1.125,20,2.5,3.375,6.5,9.0,0,65,65,1.6375,4.9559998512268,-30.892132645287
0.035,1.27,0.13,1.125,20,2.5,3.75,5.375,9.0,0,65,65,1.6375,5.0609998703003,-26.527249726012
0.035,1.27,0.13,1.125,20,2.5,3.75,5.375,9.0,0,65,65,1.6375,5.1659998893738,-23.858019457623
0.035,1.27,0.13,1.125,20,2.5,3.75,5.375,9.0,0,65,65,1.6375,5.2430000305176,-25.509710872682
0.035,1.27,0.13,1.125,20,2.5,3.75,5.375,9.0,0,65,65,1.6375,5.2919998168945,-30.135837135243
0.035,1.27,0.13,1.125,20,2.5,3.75,5.75,9.0,0,65,65,1.6375,4.9840002059937,-29.983347480038
0.035,1.27,0.13,1.125,20,2.5,3.75,5.75,9.0,0,65,65,1.6375,5.0960001945496,-26.823512291987
0.035,1.27,0.13,1.125,20,2.5,3.75,5.75,9.0,0,65,65,1.6375,5.1449999809265,-25.947481125598
0.035,1.27,0.13,1.125,20,2.5,3.75,5.75,9.0,0,65,65,1.6375,5.1939997673035,-27.719449224753
0.035,1.27,0.13,1.125,20,2.5,3.75,6.125,9.0,0,65,65,1.6375,4.9070000648499,-36.931905732372
0.035,1.27,0.13,1.125,20,2.5,3.75,6.125,9.0,0,65,65,1.6375,4.9980001449585,-31.943550664678
0.035,1.27,0.13,1.125,20,2.5,3.75,6.125,9.0,0,65,65,1.6375,5.0539999008179,-29.607560970232
0.035,1.27,0.13,1.125,20,2.5,3.75,6.125,9.0,0,65,65,1.6375,5.0749998092651,-30.537160139506
0.035,1.27,0.13,1.125,20,2.5,3.75,6.5,9.0,0,65,65,1.6375,4.8299999237061,-29.363202463862
0.035,1.27,0.13,1.125,20,2.5,3.75,6.5,9.0,0,65,65,1.6375,4.9070000648499,-32.925274389895
0.035,1.27,0.13,1.125,20,2.5,3.75,6.5,9.0,0,65,65,1.6375,4.941999912262,-32.942184992195
0.035,1.27,0.13,1.125,20,2.5,3.75,6.5,9.0,0,65,65,1.6375,4.9699997901917,-30.280058523573
0.035,1.27,0.13,1.125,20,2.5,4.125,5.375,9.0,0,65,65,1.6375,5.039999961853,-29.936232483665
0.035,1.27,0.13,1.125,20,2.5,4.125,5.375,9.0,0,65,65,1.6375,5.186999797821,-37.020263164038
0.035,1.27,0.13,1.125,20,2.5,4.125,5.375,9.0,0,65,65,1.6375,5.2569999694824,-17.325148609139
0.035,1.27,0.13,1.125,20,2.5,4.125,5.375,9.0,0,65,65,1.6375,5.2919998168945,-16.854516476046
0.035,1.27,0.13,1.125,20,2.5,4.125,5.75,9.0,0,65,65,1.6375,4.9629998207092,-30.206882528118
0.035,1.27,0.13,1.125,20,2.5,4.125,5.75,9.0,0,65,65,1.6375,5.0890002250671,-31.906918707724
0.035,1.27,0.13,1.125,20,2.5,4.125,5.75,9.0,0,65,65,1.6375,5.1729998588562,-19.364817370743
0.035,1.27,0.13,1.125,20,2.5,4.125,5.75,9.0,0,65,65,1.6375,5.2080001831055,-17.007318494007
0.035,1.27,0.13,1.125,20,2.5,4.125,6.125,9.0,0,65,65,1.6375,4.9000000953674,-37.436769100728
0.035,1.27,0.13,1.125,20,2.5,4.125,6.125,9.0,0,65,65,1.6375,4.9980001449585,-43.913134669342
0.035,1.27,0.13,1.125,20,2.5,4.125,6.125,9.0,0,65,65,1.6375,5.0469999313354,-22.145216751674
0.035,1.27,0.13,1.125,20,2.5,4.125,6.125,9.0,0,65,65,1.6375,5.1100001335144,-26.028744700499
0.035,1.27,0.13,1.125,20,2.5,4.125,6.5,9.0,0,65,65,1.6375,4.8229999542236,-32.086450346802
0.035,1.27,0.13,1.125,20,2.5,4.125,6.5,9.0,0,65,65,1.6375,4.9070000648499,-31.317696027747
0.035,1.27,0.13,1.125,20,2.5,4.125,6.5,9.0,0,65,65,1.6375,4.941999912262,-29.36285638509
0.035,1.27,0.13,1.125,20,2.5,4.125,6.5,9.0,0,65,65,1.6375,4.9699997901917,-22.249562538421
0.035,1.27,0.13,1.125,20,2.5,4.5,5.375,9.0,0,65,65,1.6375,5.0539999008179,-31.490955279372
0.035,1.27,0.13,1.125,20,2.5,4.5,5.375,9.0,0,65,65,1.6375,5.1589999198914,-21.486764704626
0.035,1.27,0.13,1.125,20,2.5,4.5,5.375,9.0,0,65,65,1.6375,5.2290000915527,-19.793564026926
0.035,1.27,0.13,1.125,20,2.5,4.5,5.375,9.0,0,65,65,1.6375,5.2779998779297,-19.067425068593
0.035,1.27,0.13,1.125,20,2.5,4.5,5.75,9.0,0,65,65,1.6375,4.9699997901917,-37.466852103825
0.035,1.27,0.13,1.125,20,2.5,4.5,5.75,9.0,0,65,65,1.6375,5.0960001945496,-23.25095972983
0.035,1.27,0.13,1.125,20,2.5,4.5,5.75,9.0,0,65,65,1.6375,5.1449999809265,-20.525897398007
0.035,1.27,0.13,1.125,20,2.5,4.5,5.75,9.0,0,65,65,1.6375,5.186999797821,-19.895240565195
0.035,1.27,0.13,1.125,20,2.5,4.5,6.125,9.0,0,65,65,1.6375,4.9070000648499,-27.438283509072
0.035,1.27,0.13,1.125,20,2.5,4.5,6.125,9.0,0,65,65,1.6375,5.0120000839233,-27.977746337044
0.035,1.27,0.13,1.125,20,2.5,4.5,6.125,9.0,0,65,65,1.6375,5.0539999008179,-23.26217846711
0.035,1.27,0.13,1.125,20,2.5,4.5,6.125,9.0,0,65,65,1.6375,5.0819997787476,-21.549297576054
0.035,1.27,0.13,1.125,20,2.5,4.5,6.5,9.0,0,65,65,1.6375,4.8229999542236,-19.947660201207
0.035,1.27,0.13,1.125,20,2.5,4.5,6.5,9.0,0,65,65,1.6375,4.9140000343323,-29.201372798445
0.035,1.27,0.13,1.125,20,2.5,4.5,6.5,9.0,0,65,65,1.6375,4.941999912262,-30.611273213116
0.035,1.27,0.13,1.125,20,2.5,4.5,6.5,9.0,0,65,65,1.6375,4.9770002365112,-27.910544148593
